 Do you need a second MORTGAGE?                   22956,spam
 ,spam
 Earn Your Fortune on eBay!,spam
 HK Email marking !,spam
 Re: Google? Not in China,easy_ham
 RE: Re[2]: Selling Wedded Bliss (was Re: Ouch...),easy_ham
 Re[2]: Selling Wedded Bliss (was Re: Ouch...),easy_ham
 Online contents of Electronic Publishing journal,easy_ham
 RE: Re[2]: Selling Wedded Bliss (was Re: Ouch...),easy_ham
 Re: Re[2]: Selling Wedded Bliss (was Re: Ouch...),easy_ham
 RE: Re[2]: Selling Wedded Bliss (was Re: Ouch...),easy_ham
 Re: Selling Wedded Bliss (was Re: Ouch...),easy_ham
 Re: Selling Wedded Bliss (was Re: Ouch...),easy_ham
 RE: Re[2]: Selling Wedded Bliss (was Re: Ouch...),easy_ham
 RE: Re[2]: Selling Wedded Bliss (was Re: Ouch...),easy_ham
 RE: Selling Wedded Bliss (was Re: Ouch...),easy_ham
 Re: Selling Wedded Bliss (was Re: Ouch...),easy_ham
 RE: Selling Wedded Bliss (was Re: Ouch...),easy_ham
 Re: Selling Wedded Bliss (was Re: Ouch...),easy_ham
 Re: Selling Wedded Bliss (was Re: Ouch...),easy_ham
 RE: Selling Wedded Bliss (was Re: Ouch...),easy_ham
 RE: Selling Wedded Bliss (was Re: Ouch...),easy_ham
 RE: Selling Wedded Bliss (was Re: Ouch...),easy_ham
 The Big Jump,easy_ham
 Re: The Big Jump,easy_ham
 Re: whoa,easy_ham
 Re: Selling Wedded Bliss (was Re: Ouch...),easy_ham
 Re: Selling Wedded Bliss (was Re: Ouch...),easy_ham
 Re: whoa,easy_ham
 earthviewer (was Re: whoa},easy_ham
 Re: whoa,easy_ham
 Re: Selling Wedded Bliss (was Re: Ouch...),easy_ham
 Recommended Viewing,easy_ham
 Re: earthviewer (was Re: whoa},easy_ham
 Re: whoa,easy_ham
 Re: earthviewer (was Re: whoa},easy_ham
 Re: Selling Wedded Bliss (was Re: Ouch...),easy_ham
 earthviewer apps Re: whoa,easy_ham
 Re: earthviewer (was Re: whoa},easy_ham
 Re: Recommended Viewing,easy_ham
 Re: Selling Wedded Bliss (was Re: Ouch...),easy_ham
 RE: Recommended Viewing,easy_ham
 Re: Recommended Viewing,easy_ham
 Re: Selling Wedded Bliss (was Re: Ouch...),easy_ham
 Re: Selling Wedded Bliss (was Re: Ouch...),easy_ham
 Re[2]: Selling Wedded Bliss (was Re: Ouch...),easy_ham
 Re[3]: Selling Wedded Bliss (was Re: Ouch...),easy_ham
 Re[2]: Selling Wedded Bliss (was Re: Ouch...),easy_ham
 Re: earthviewer apps Re: whoa,easy_ham
 Re[2]: Selling Wedded Bliss (was Re: Ouch...),easy_ham
 Re[2]: Selling Wedded Bliss (was Re: Ouch...),easy_ham
 Re[2]: Selling Wedded Bliss (was Re: Ouch...),easy_ham
 Re[2]: Selling Wedded Bliss (was Re: Ouch...),easy_ham
 Re[3]: Selling Wedded Bliss (was Re: Ouch...),easy_ham
 Re: Selling Wedded Bliss (was Re: Ouch...),easy_ham
 Re[2]: Selling Wedded Bliss (was Re: Ouch...),easy_ham
 Re: Re[3]: Selling Wedded Bliss (was Re: Ouch...),easy_ham
 [CYBERIA] [Final CfP]: Int. J. on IT Standards Research,easy_ham
 [CYBERIA] [Final CfP]: Int. J. on IT Standards Research,easy_ham
 Internet radio - example from a college station,easy_ham
 RE: KNC Stream [1:51144:51751],easy_ham
 Re: Re[3]: Selling Wedded Bliss (was Re: Ouch...),easy_ham
 Re: Internet radio - example from a college station,easy_ham
 Re: Re[3]: Selling Wedded Bliss (was Re: Ouch...),easy_ham
 RE: The Big Jump,easy_ham
 RE: Recommended Viewing,easy_ham
 Re: The Big Jump,easy_ham
 Re: The Big Jump,easy_ham
 RE: Recommended Viewing,easy_ham
 RE: Recommended Viewing,easy_ham
 Re: Recommended Viewing,easy_ham
 Re: Recommended Viewing,easy_ham
 Re: Recommended Viewing,easy_ham
 Re: Recommended Viewing,easy_ham
 UAE/Ami*/Linux Laptop:  Important details.,easy_ham
 Re: The Big Jump,easy_ham
 RE: Recommended Viewing,easy_ham
 Re: Recommended Viewing,easy_ham
 Re: Selling Wedded Bliss (was Re: Ouch...),easy_ham
 Re: Recommended Viewing,easy_ham
 Re: Recommended Viewing,easy_ham
 Re: Tech's Major Decline,easy_ham
 NYTimes.com Article: Some Friends Indeed Do More Harm Than Good,easy_ham
 More on promiscuity and word choice Re: Selling Wedded Bliss (was,easy_ham
 RE: Recommended Viewing,easy_ham
 Re: Recommended Viewing,easy_ham
 Microsoft Buys XDegrees - Secure Access Company,easy_ham
 Microsoft buys XDegress - more of a p2p/distributed data thing...,easy_ham
 Re: Microsoft buys XDegress - more of a p2p/distributed data thing...,easy_ham
 storage bits,easy_ham
 Re: storage bits,easy_ham
 Re: Snow,easy_ham
 RE: Microsoft buys XDegress - more of a p2p/distributed data thing...,easy_ham
 Hanson's Sept 11 message in the National Review,easy_ham
 A Living Memorial,easy_ham
 Keillor voices up on what to do with the WTC site,easy_ham
 Re: storage bits,easy_ham
 RE: Hanson's Sept 11 message in the National Review,easy_ham
 From salon.com - Forbidden thoughts about 9/11,easy_ham
 TheThresher,easy_ham
 Since we were on the subject...,easy_ham
 Bush blew take two,easy_ham
 RE: Bush blew take two,easy_ham
 Bush blew take two,easy_ham
 FW: Bush blew take two,easy_ham
 RE: Bush blew take two,easy_ham
 Bush blew take two,easy_ham
 Something for the person who has everything,easy_ham
 CBS News' interview w/Bush & reconstruction of his peregrinations,easy_ham
 dylsexics of the wrold untie!,easy_ham
 Re: dylsexics of the wrold untie!,easy_ham
 Re: dylsexics of the wrold untie!,easy_ham
 Re: dylsexics of the wrold untie!,easy_ham
 Re: dylsexics of the wrold untie!,easy_ham
 Re: dylsexics of the wrold untie!,easy_ham
 RE: dylsexics of the wrold untie!,easy_ham
 Re: From salon.com - Forbidden thoughts about 9/11,easy_ham
 plate tectonics update,easy_ham
 Re: dylsexics of the wrold untie!,easy_ham
 Re: The Big Jump,easy_ham
 introductions,easy_ham
 Slaughter in the Name of God,easy_ham
 RE: Slaughter in the Name of God,easy_ham
 Re: Hanson's Sept 11 message in the National Review,easy_ham
 RE: Slaughter in the Name of God,easy_ham
 Re: storage bits,easy_ham
 RE: introductions,easy_ham
 RE: introductions,easy_ham
 RE: Slaughter in the Name of God,easy_ham
 Re: Slaughter in the Name of God,easy_ham
 RE: Slaughter in the Name of God,easy_ham
 <nettime> The War Prayer,easy_ham
 <nettime> The War Prayer,easy_ham
 Re: storage bits,easy_ham
 Re: introductions,easy_ham
 Re: RSA (repost),easy_ham
 Harvest Moon,easy_ham
 Re: Slaughter in the Name of God,easy_ham
 Re: Slaughter in the Name of God,easy_ham
 Re: Hanson's Sept 11 message in the National Review,easy_ham
 Re: Slaughter in the Name of God,easy_ham
 FW: Wanna buy a nuke?,easy_ham
 Re: Hanson's Sept 11 message in the National Review,easy_ham
 Re: Slaughter in the Name of God,easy_ham
 Re: Hanson's Sept 11 message in the National Review,easy_ham
 Re: Slaughter in the Name of God,easy_ham
 Re: The Big Jump,easy_ham
 RE: Slaughter in the Name of God,easy_ham
 Re: Slaughter in the Name of God,easy_ham
 Re: Slaughter in the Name of God,easy_ham
 boycotting yahoo,easy_ham
 Re: storage bits,easy_ham
 Re: FWD: Florida Primary 2002: Back to the Future,easy_ham
 Re: boycotting yahoo,easy_ham
 Defending Unliked Speech Re: Hanson's Sept 11 message in the,easy_ham
 Re: RSA (repost),easy_ham
 Re: [VoID] a new low on the personals tip...,easy_ham
 Re: boycotting yahoo,easy_ham
 Re: Hanson's Sept 11 message in the National Review,easy_ham
 Re: boycotting yahoo,easy_ham
 Re: boycotting yahoo,easy_ham
 Re: [VoID] a new low on the personals tip...,easy_ham
 Re: [VoID] a new low on the personals tip...,easy_ham
 Re: Defending Unliked Speech,easy_ham
 Re: [VoID] a new low on the personals tip...,easy_ham
 Re: [VoID] a new low on the personals tip...,easy_ham
 Re: boycotting yahoo,easy_ham
 Re: [VoID] a new low on the personals tip...,easy_ham
 Re: [VoID] a new low on the personals tip...,easy_ham
 AA Meetings the Hottest Place to Meet Women With Big Bucks,easy_ham
 Re: AA Meetings the Hottest Place to Meet Women With Big Bucks,easy_ham
 Re: AA Meetings the Hottest Place to Meet Women With Big Bucks,easy_ham
 RE: AA Meetings the Hottest Place to Meet Women With Big Bucks,easy_ham
 Re: AA Meetings the Hottest Place to Meet Women With Big Bucks,easy_ham
 Re: boycotting yahoo,easy_ham
 RE: AA Meetings the Hottest Place to Meet Women With Big Bucks,easy_ham
 Re: AA Meetings the Hottest Place to Meet Women With Big Bucks,easy_ham
 Re[2]: AA Meetings the Hottest Place to Meet Women With Big Bucks,easy_ham
 Re: [VoID] a new low on the personals tip...,easy_ham
 Re: [VoID] a new low on the personals tip...,easy_ham
 [IRR] [dgc.chat] First public release of NeuDist Distributed,easy_ham
 [dgc.chat] First public release of NeuDist Distributed Transaction,easy_ham
 Oh ma gawd - funny site of the day...,easy_ham
 Re: Oh ma gawd - funny site of the day...,easy_ham
 Re: Hanson's Sept 11 message in the National Review,easy_ham
 Re: Hanson's Sept 11 message in the National Review,easy_ham
 Re: Hanson's Sept 11 message in the National Review,easy_ham
 Re: AA Meetings the Hottest Place to Meet Women With Big Bucks,easy_ham
 Re: [VoID] a new low on the personals tip...,easy_ham
 Re: Hanson's Sept 11 message in the National Review,easy_ham
 Re: Hanson's Sept 11 message in the National Review,easy_ham
 Webex Endeavors,easy_ham
 Re: Avast there matey,easy_ham
 Re: Avast there matey,easy_ham
 Re: AA Meetings the Hottest Place to Meet Women With Big Bucks,easy_ham
 Re: Oh ma gawd - funny site of the day...,easy_ham
 RE: Hanson's Sept 11 message in the National Review,easy_ham
 Re: Hanson's Sept 11 message in the National Review,easy_ham
 RE: Hanson's Sept 11 message in the National Review,easy_ham
 Re: Avast there matey,easy_ham
 RE: Hanson's Sept 11 message in the National Review,easy_ham
 Re: Hanson's Sept 11 message in the National Review,easy_ham
 RE: Hanson's Sept 11 message in the National Review,easy_ham
 Re: [meta-forkage],easy_ham
 Re: Avast there matey,easy_ham
 Re: boycotting yahoo,easy_ham
 Re: Avast there matey,easy_ham
 Re: Hanson's Sept 11 message in the National Review,easy_ham
 Sun donates elliptic curve code to OpenSSL? (fwd),easy_ham
 Sun donates elliptic curve code to OpenSSL?,easy_ham
 Re: [meta-forkage],easy_ham
 Sun,easy_ham
 RE: Hanson's Sept 11 message in the National Review,easy_ham
 RE: <nettime> The War Prayer,easy_ham
 sed /s/United States/Roman Empire/g,easy_ham
 Re: AA Meetings the Hottest Place to Meet Women With Big Bucks,easy_ham
 Re[2]: AA Meetings the Hottest Place to Meet Women With Big Bucks,easy_ham
 Fwd: Re[2]: AA Meetings the Hottest Place to Meet Women With Big,easy_ham
 Re: AA Meetings the Hottest Place to Meet Women With Big Bucks,easy_ham
 calling wayne baisley@#!,easy_ham
 Re: calling wayne baisley the 12-Step Calvinist,easy_ham
 Re: sed /s/United States/Roman Empire/g,easy_ham
 sed /s/United States/Roman Empire/g,easy_ham
 Senate Committee Passes Nanotech Bill,easy_ham
 Sun Nabs Storage Startup - buys Pirus Networks,easy_ham
 SunMSapple meta4 of the day,easy_ham
 AmeriCorpsVISTA,easy_ham
 Re: sed /s/United States/Roman Empire/g,easy_ham
 Re: sed /s/United States/Roman Empire/g,easy_ham
 Oh my...,easy_ham
 Re[2]: Oh my...,easy_ham
 Re: sed /s/United States/Roman Empire/g,easy_ham
 Re: sed /s/United States/Roman Empire/g,easy_ham
 Re: sed /s/United States/Roman Empire/g,easy_ham
 Re: sed /s/United States/Roman Empire/g,easy_ham
 Re: sed /s/United States/Roman Empire/g,easy_ham
 Re: sed /s/United States/Roman Empire/g,easy_ham
 Re: Oh my...,easy_ham
 RE: sed /s/United States/Roman Empire/g,easy_ham
 Re: Oh my...,easy_ham
 Re: sed /s/United States/Roman Empire/g,easy_ham
 Re: sed /s/United States/Roman Empire/g,easy_ham
 E-Textiles Come into Style,easy_ham
 flavor cystals,easy_ham
 Re: sed /s/United States/Roman Empire/g,easy_ham
 [vox] Anarchist 'Scavenger Hunt' Raises D.C. Police Ire (fwd),easy_ham
 [vox] Founding Fathers on Religion,easy_ham
 Re: Oh my...,easy_ham
 Re: flavor cystals,easy_ham
 Re: sed /s/United States/Roman Empire/g,easy_ham
 Re: flavor cystals,easy_ham
 Crony Capitalism (was RE: sed /s/United States/Roman Empire/g),easy_ham
 Re: sed /s/United States/Roman Empire/g,easy_ham
 dubyadubyadubya.dubyaspeak.com,easy_ham
 Re: flavor cystals,easy_ham
 Colonial Script ...,easy_ham
 RE: sed /s/United States/Roman Empire/g,easy_ham
 Re: SunMSapple meta4 of the day,easy_ham
 Comrade Communism (was Re: Crony Capitalism (was RE: sed,easy_ham
 Goodbye Global Warming,easy_ham
 Re: Goodbye Global Warming,easy_ham
 Re: Comrade Communism (was Re: Crony Capitalism (was RE: sed,easy_ham
 High-Altitude Rambos,easy_ham
 Rebuild at Ground Zero,easy_ham
 Anarchist 'Scavenger Hunt' Raises D.C. Police Ire (fwd),easy_ham
 Re: Comrade Communism (was Re: Crony Capitalism (was RE: sed,easy_ham
 Re: sed /s/United States/Roman Empire/g,easy_ham
 Re: [VoID] a new low on the personals tip...,easy_ham
 Re: sed /s/United States/Roman Empire/g,easy_ham
 RE: Goodbye Global Warming,easy_ham
 Re: Goodbye Global Warming,easy_ham
 RE: Goodbye Global Warming,easy_ham
 RE: Goodbye Global Warming,easy_ham
 RE: Goodbye Global Warming,easy_ham
 RE: Goodbye Global Warming,easy_ham
 Re: Goodbye Global Warming,easy_ham
 Re: Goodbye Global Warming,easy_ham
 Re: Goodbye Global Warming,easy_ham
 RE: Goodbye Global Warming,easy_ham
 Re: Goodbye Global Warming,easy_ham
 How about subsidizing SSL access to Google?,easy_ham
 Re[2]: Goodbye Global Warming,easy_ham
 Re: Goodbye Global Warming,easy_ham
 Re: Goodbye Global Warming,easy_ham
 RE: Re[2]: Goodbye Global Warming,easy_ham
 SF Weekly's Ultimate SF Date lineup :-),easy_ham
 Googlenews,easy_ham
 Here Come Da Feds,easy_ham
 Re: SF Weekly's Ultimate SF Date lineup :-),easy_ham
 Re: SF Weekly's Ultimate SF Date lineup :-),easy_ham
 Not just like a virgin...a virgin...birth,easy_ham
 RE: Comrade Communism (was Re: Crony Capitalism (was RE: sed,easy_ham
 Comrade Communism (was Re: Crony Capitalism (was RE: sed,easy_ham
 Re: How about subsidizing SSL access to Google?,easy_ham
 How about subsidizing SSL access to Google?,easy_ham
 Pluck and Luck,easy_ham
 Re: Goodbye Global Warming,easy_ham
 Re: Goodbye Global Warming,easy_ham
 Re: Goodbye Global Warming,easy_ham
 RE: Goodbye Global Warming,easy_ham
 Re: Goodbye Global Warming,easy_ham
 Re: Goodbye Global Warming,easy_ham
 Re: How about subsidizing SSL access to Google?,easy_ham
 Re: Goodbye Global Warming,easy_ham
 Re: Goodbye Global Warming,easy_ham
 Re: How about subsidizing SSL access to Google?,easy_ham
 RE: Goodbye Global Warming,easy_ham
 Re: Goodbye Global Warming,easy_ham
 Re: Pluck and Luck,easy_ham
 RE: Comrade Communism (was Re: Crony Capitalism (was RE: sed,easy_ham
 liberal defnitions,easy_ham
 Re: flavor cystals,easy_ham
 RE: liberal defnitions,easy_ham
 RE: liberal defnitions,easy_ham
 liberal defnitions,easy_ham
 Re: SF Weekly's Ultimate SF Date lineup :-),easy_ham
 Re: 2002.06.00.00,easy_ham
 A different sort of Fox News,easy_ham
 The Next World Order,easy_ham
 RE: liberal defnitions,easy_ham
 Re: [s-t] Scoot boss's wife orders hit.,easy_ham
 Re: [s-t] Scoot boss's wife orders hit.,easy_ham
 RE: liberal defnitions,easy_ham
 Re: liberal defnitions,easy_ham
 CO2 and climate (was RE: Goodbye Global Warming),easy_ham
 RE: liberal defnitions,easy_ham
 Re: SF Weekly's Ultimate SF Date lineup :-),easy_ham
 Random hack Q: drawing on CDs with lasers?,easy_ham
 Re: Random hack Q: drawing on CDs with lasers?,easy_ham
 Liberalism in America,easy_ham
 Re: SF Weekly's Ultimate SF Date lineup :-),easy_ham
 Re: SF Weekly's Ultimate SF Date lineup :-),easy_ham
 Digital radio playlists are prohibited?!,easy_ham
 Re: SF Weekly's Ultimate SF Date lineup :-),easy_ham
 Re: The Great Power-Shortage Myth,easy_ham
 California needs intelligent energy deregulation,easy_ham
 California needs intelligent energy deregulation,easy_ham
 RE: CO2 and climate (was RE: Goodbye Global Warming),easy_ham
 Kissinger,easy_ham
 Re: Digital radio playlists are prohibited?!,easy_ham
 Re: The Great Power-Shortage Myth,easy_ham
 Re: Digital radio playlists are prohibited?!,easy_ham
 dumb question: X client behind a firewall?,easy_ham
 "Free" Elvis Costello CD a trojan horse for DRM malware,easy_ham
 "Free" Elvis Costello CD a trojan horse for DRM malware,easy_ham
 Re: dumb question: X client behind a firewall?,easy_ham
 Re: dumb question: X client behind a firewall?,easy_ham
 Re: Digital radio playlists are prohibited?!,easy_ham
 Re: dumb question: X client behind a firewall?,easy_ham
 Native American economics (was Re: sed /s/United States/Roman,easy_ham
 RE: Liberalism in America,easy_ham
 Re: OSCOM Berkeley report: Xopus Bitflux Plone Xoops,easy_ham
 RE: The Big Jump,easy_ham
 RE: OSCOM Berkeley report: Xopus Bitflux Plone Xoops,easy_ham
 EBusiness Webforms: cluetrain has left the station,easy_ham
 Re: EBusiness Webforms: cluetrain has left the station,easy_ham
 Re: EBusiness Webforms: cluetrain has left the station,easy_ham
 Re: EBusiness Webforms: cluetrain has left the station,easy_ham
 Re: EBusiness Webforms: cluetrain has left the station,easy_ham
 Re: EBusiness Webforms: cluetrain has left the station,easy_ham
 Content management for MP3s,easy_ham
 Re: EBusiness Webforms: cluetrain has left the station,easy_ham
 Re: Content management for MP3s,easy_ham
 A moment of silence for the First Amendment (fwd),easy_ham
 NYTimes.com Article: Vast Detail on Towers' Collapse May Be Sealed,easy_ham
 Re: A moment of silence for the First Amendment (fwd),easy_ham
 Re: A moment of silence for the First Amendment (fwd),easy_ham
 Re[2]: A moment of silence for the First Amendment (fwd),easy_ham
 RE: A moment of silence for the First Amendment (fwd),easy_ham
 Re: A moment of silence for the First Amendment (fwd),easy_ham
 MIT OpenCourseWare,easy_ham
 RE: Re[2]: A moment of silence for the First Amendment (fwd),easy_ham
 Re: A moment of silence for the First Amendment (fwd),easy_ham
 Re[2]: A moment of silence for the First Amendment (fwd),easy_ham
 Re: A moment of silence for the First Amendment (fwd),easy_ham
 Re: A moment of silence for the First Amendment (fwd),easy_ham
 Re: Re[2]: A moment of silence for the First Amendment (fwd),easy_ham
 Re: A moment of silence for the First Amendment (fwd),easy_ham
 Re[4]: A moment of silence for the First Amendment (fwd),easy_ham
 Re: Re[4]: A moment of silence for the First Amendment (fwd),easy_ham
 Re: EBusiness Webforms: cluetrain has left the station,easy_ham
 Re: A moment of silence for the First Amendment (fwd),easy_ham
 Re: Internet Archive bookmobile,easy_ham
 RE: Re[4]: A moment of silence for the First Amendment (fwd),easy_ham
 Re[6]: A moment of silence for the First Amendment (fwd),easy_ham
 Re: EBusiness Webforms: cluetrain has left the station,easy_ham
 Re: A moment of silence for the First Amendment & Angry Liberal Yutes,easy_ham
 Dinosaurs Eggs and the Origins of Good and Evil,easy_ham
 Am I This Or Not?,easy_ham
 Internet Archive bookmobile,easy_ham
 If you like graphic novels/comics,easy_ham
 Re: Dinosaurs Eggs and the Origins of Good and Evil,easy_ham
 Dinosaurs Eggs and the Origins of Good and Evil,easy_ham
 Re: A moment of silence for the First Amendment & Angry Liberal Yutes,easy_ham
 Re: MIT OpenCourseWare,easy_ham
 RE: MIT OpenCourseWare,easy_ham
 Re: The Wrong Business,easy_ham
 Re: So I missed this one...,easy_ham
 Re[2]: So I missed this one...,easy_ham
 Re: The Wrong Business,easy_ham
 Re: Wifi query,easy_ham
 Re: Optical analog computing?,easy_ham
 RE: Wifi query,easy_ham
 Creative political speech,easy_ham
 ActiveBuddy,easy_ham
 Re: ActiveBuddy,easy_ham
 Re: dumb question: X client behind a firewall?,easy_ham
 dumb question: X client behind a firewall?,easy_ham
 Polit-spam,easy_ham
 Re: ActiveBuddy,easy_ham
 Re: ActiveBuddy,easy_ham
 Re: Polit-spam,easy_ham
 Re: ActiveBuddy,easy_ham
 Re: Optical analog computing?,easy_ham
 Re: Optical analog computing?,easy_ham
 Re: ActiveBuddy,easy_ham
 Re: Wifi query,easy_ham
 Re: Optical analog computing?,easy_ham
 Re: Optical analog computing?,easy_ham
 Re: ActiveBuddy,easy_ham
 Re: ActiveBuddy,easy_ham
 Re: Optical analog computing?,easy_ham
 Re: Optical analog computing?,easy_ham
 Re: Wifi query,easy_ham
 Re: Wifi query,easy_ham
 Re: Optical analog computing?,easy_ham
 Apple Sauced...again,easy_ham
 NYTimes.com Article: Stop Those Presses! Blonds It Seems Will,easy_ham
 Re: Apple Sauced...again,easy_ham
 wifi progress,easy_ham
 Re: Apple Sauced...again,easy_ham
 The 3rd Annual Consult Hyperion Digital Identity Forum,easy_ham
 The 3rd Annual Consult Hyperion Digital Identity Forum,easy_ham
 Re: Apple Sauced...again,easy_ham
 Re: Apple Sauced...again,easy_ham
 Re: The Wrong Business,easy_ham
 Re: The Wrong Business,easy_ham
 Re: The Wrong Business,easy_ham
 Re: The 3rd Annual Consult Hyperion Digital Identity Forum,easy_ham
 Re: The 3rd Annual Consult Hyperion Digital Identity Forum,easy_ham
 Re: Living Love - Another legacy of the 60's,easy_ham
 Living Love - Another legacy of the 60's,easy_ham
 RE: Living Love - Another legacy of the 60's,easy_ham
 Living Love - Another legacy of the 60's,easy_ham
 Re: ActiveBuddy,easy_ham
 Blatantly stolen from a friend's LJ,easy_ham
 Economist: Internet models viral spread social diseases,easy_ham
 Re: ActiveBuddy,easy_ham
 Headline - Navel gazing wins an Ig Nobel,easy_ham
 Re: no matter where you go,easy_ham
 Documentum Acquires E-Room Melding Content Collaboration,easy_ham
 [IRR] Re: The 3rd Annual Consult Hyperion Digital Identity Forum,easy_ham
 Re: Documentum Acquires E-Room Melding Content Collaboration,easy_ham
 Documentum Acquires E-Room Melding Content Collaboration,easy_ham
 Whither vCard?,easy_ham
 RE: Headline - Navel gazing wins an Ig Nobel,easy_ham
 Headline - Navel gazing wins an Ig Nobel,easy_ham
 Re: Headline - Navel gazing wins an Ig Nobel,easy_ham
 Re: Economist: Internet models viral spread social diseases,easy_ham
 Re: Apple Sauced...again,easy_ham
 Our friends the Palestinians Our servants in government.,easy_ham
 RE: Our friends the Palestinians Our servants in government.,easy_ham
 Our friends the Palestinians Our servants in government.,easy_ham
 Re: Our friends the Palestinians Our servants in government.,easy_ham
 RE: Our friends the Palestinians Our servants in government.,easy_ham
 Re: Our friends the Palestinians Our servants in government.,easy_ham
 Re: Our friends the Palestinians Our servants in government.,easy_ham
 RE: Our friends the Palestinians Our servants in government.,easy_ham
 Re: Our friends the Palestinians Our servants in government.,easy_ham
 RE: Our friends the Palestinians Our servants in government.,easy_ham
 RE: Our friends the Palestinians Our servants in government.,easy_ham
 RE: Our friends the Palestinians Our servants in government.,easy_ham
 RE: Our friends the Palestinians Our servants in government.,easy_ham
 Re: The absurdities of life.,easy_ham
 Re: The absurdities of life.,easy_ham
 Re: The absurdities of life.,easy_ham
 And yet more absurdity.,easy_ham
 Re: erratum [Re: no matter ...] & errors,easy_ham
 Quick Outlaw Touching,easy_ham
 Re: Quick Outlaw Touching,easy_ham
 RE: The absurdities of life.,easy_ham
 Re[2]: The absurdities of life.,easy_ham
 Re: erratum [Re: no matter ...] & errors,easy_ham
 why is decentralization worth worrying about?,easy_ham
 Re: lifegem,easy_ham
 Property rights in the 3rd World (De Soto's Mystery of Capital),easy_ham
 Re: The case for spam,easy_ham
 Re: Entrepreneurs,easy_ham
 Re: Entrepreneurs,easy_ham
 Re: revocation of grlygrl201@,easy_ham
 Re: revocation of grlygrl201@,easy_ham
 Re: [SAtalk] SA and Patented Ideas (was: SA In The News),easy_ham
 Re: [SAtalk] SA In The News,easy_ham
 [SAdev] Body Test Question /d ?,easy_ham
 Re: [SAtalk] Highest-scoring false positive,easy_ham
 [SAtalk] procmail help,easy_ham
 Re: [SAtalk] Highest-scoring false positive,easy_ham
 Re: [SAdev] 2.40 RELEASE PROCESS: mass-check status folks?,easy_ham
 Re: [SAtalk] 2800 sightings this month,easy_ham
 Re: [SAdev] Integrating SA with Mail::CheckUser ?,easy_ham
 DataPower announces XML-in-silicon,easy_ham
 RE: The Curse of India's Socialism,easy_ham
 Re: DataPower announces XML-in-silicon,easy_ham
 RE: DataPower announces XML-in-silicon,easy_ham
 Re: DataPower announces XML-in-silicon,easy_ham
 RE: DataPower announces XML-in-silicon,easy_ham
 DataPower announces XML-in-silicon,easy_ham
 Re: DataPower announces XML-in-silicon,easy_ham
 Canadians again - something a little more substantive,easy_ham
 Re: erratum [Re: no matter ...] & errors,easy_ham
 Netscape 7 Review,easy_ham
 RE: The Disappearing Alliance,easy_ham
 Re: Lord of the Ringtones: Arbocks vs. Seelecks,easy_ham
 Fwd: [POLITICOS] Re: "Bowling for Columbine" Opens This Friday,easy_ham
 Re: Anolther sequence related traceback,easy_ham
 Re: New Sequences Window,easy_ham
 Exmh && speed,easy_ham
 Re: Exmh && speed,easy_ham
 Re: Exmh && speed,easy_ham
 Re: Exmh && speed,easy_ham
 Re: Exmh && speed,easy_ham
 Re: Exmh && speed,easy_ham
 Re: Exmh && speed,easy_ham
 Re: New Sequences Window,easy_ham
 Re: Anolther sequence related traceback,easy_ham
 Re: Anolther sequence related traceback,easy_ham
 Re: Anolther sequence related traceback,easy_ham
 Re: Anolther sequence related traceback,easy_ham
 Re: Anolther sequence related traceback,easy_ham
 Re: Anolther sequence related traceback,easy_ham
 Re: New Sequences Window,easy_ham
 Re: New Sequences Window,easy_ham
 Re: New Sequences Window,easy_ham
 Re: New Sequences Window,easy_ham
 Re: Exmh && speed,easy_ham
 Re: New Sequences Window,easy_ham
 Re: New Sequences Window,easy_ham
 Re: New Sequences Window,easy_ham
 Re: New Sequences Window,easy_ham
 Re: New Sequences Window,easy_ham
 Re: ARRRGHHH Had GPG working now it doesnt.,easy_ham
 Re: ARRRGHHH Had GPG working now it doesnt.,easy_ham
 Re: ARRRGHHH Had GPG working now it doesnt.,easy_ham
 Re: ARRRGHHH Had GPG working now it doesnt.,easy_ham
 Changed location of incoming mail. exmh not working!!,easy_ham
 Re: Changed location of incoming mail. exmh not working!!,easy_ham
 Sorting,easy_ham
 Re: Sorting,easy_ham
 Re: Sorting,easy_ham
 Re: Sorting,easy_ham
 Re: Sorting,easy_ham
 Exmh/nmh (was Sorting)...,easy_ham
 Re: Sorting,easy_ham
 Re: Sorting,easy_ham
 Re: Sorting,easy_ham
 Re: Sorting,easy_ham
 Patch to complete a change...,easy_ham
 Re: Patch to complete a change...,easy_ham
 Re: Sorting,easy_ham
 Re: Sorting,easy_ham
 Re: Sorting,easy_ham
 Re: Sorting,easy_ham
 Re: Sorting,easy_ham
 Re: Sorting,easy_ham
 Re: Sorting,easy_ham
 Re: Sorting,easy_ham
 Re: Sorting,easy_ham
 Re: Sorting,easy_ham
 Re: Sorting,easy_ham
 Re: Sorting,easy_ham
 Re: Sorting,easy_ham
 Re: exmh bug?,easy_ham
 Re: exmh bug?,easy_ham
 Re: exmh bug?,easy_ham
 Re: exmh bug?,easy_ham
 Re: exmh bug?,easy_ham
 gpg test,easy_ham
 Discussion,easy_ham
 bad focus/click behaviours,easy_ham
 Re: bad focus/click behaviours,easy_ham
 Re: bad focus/click behaviours,easy_ham
 Re: bad focus/click behaviours,easy_ham
 Linking message [was: Re: Patch to complete a change...],easy_ham
 Re: Linking message [was: Re: Patch to complete a change...],easy_ham
 Re: Linking message [was: Re: Patch to complete a change...],easy_ham
 Re: bad focus/click behaviours,easy_ham
 Re: bad focus/click behaviours,easy_ham
 Re: Linking message [was: Re: Patch to complete a change...],easy_ham
 Re: Linking message [was: Re: Patch to complete a change...],easy_ham
 Re: bad focus/click behaviours,easy_ham
 Re: bad focus/click behaviours,easy_ham
 Re: Linking message [was: Re: Patch to complete a change...],easy_ham
 Re: bad focus/click behaviours,easy_ham
 Automated forwarding,easy_ham
 Re: bad focus/click behaviours,easy_ham
 Re: bad focus/click behaviours,easy_ham
 Re: Automated forwarding,easy_ham
 Re: bad focus/click behaviours,easy_ham
 MyIncErrors,easy_ham
 (PGP problem) EXMH hangs during 'Query keyserver',easy_ham
 customising FTOC display for specific folders...,easy_ham
 I'm back in town...,easy_ham
 traceback in new exmh,easy_ham
 Re: Linking message [was: Re: Patch to complete a change...],easy_ham
 "requires:" and relational operators,easy_ham
 Re: "requires:" and relational operators,easy_ham
 Re: ALSA (almost) made easy,easy_ham
 Re: ALSA (almost) made easy,easy_ham
 Re: ALSA (almost) made easy,easy_ham
 Re: ALSA (almost) made easy,easy_ham
 Re: ALSA (almost) made easy,easy_ham
 Re: ALSA (almost) made easy,easy_ham
 Re: ALSA (almost) made easy,easy_ham
 Re: ALSA (almost) made easy,easy_ham
 Re: ALSA (almost) made easy,easy_ham
 Re: ALSA (almost) made easy,easy_ham
 Re: ALSA (almost) made easy,easy_ham
 Re: ALSA (almost) made easy,easy_ham
 Re: ALSA (almost) made easy,easy_ham
 Re: ALSA (almost) made easy,easy_ham
 Re: /home/dude,easy_ham
 gkrellm 2 plugins?,easy_ham
 Re: thanks for the gamix source rpms! [ALSA stuff],easy_ham
 d4x 2.03 package,easy_ham
 Fluxbox,easy_ham
 Re: Fluxbox,easy_ham
 apt and a hybrid system,easy_ham
 Re: apt and a hybrid system,easy_ham
 Re: apt and a hybrid system,easy_ham
 alsaplayer for (null),easy_ham
 Apt-get question,easy_ham
 Re: Apt-get question,easy_ham
 Pb with mplayer-0.90pre7,easy_ham
 Please help a newbie compile mplayer :-),easy_ham
 Re: Please help a newbie compile mplayer :-),easy_ham
 Re: Please help a newbie compile mplayer :-),easy_ham
 Re: Please help a newbie compile mplayer :-),easy_ham
 http://apt.nixia.no/,easy_ham
 Re: http://apt.nixia.no/,easy_ham
 Re: http://apt.nixia.no/,easy_ham
 Re: http://apt.nixia.no/,easy_ham
 Re: http://apt.nixia.no/,easy_ham
 Prob. w/ install/uninstall,easy_ham
 Re: Prob. w/ install/uninstall,easy_ham
 RE: Prob. w/ install/uninstall,easy_ham
 Re: Prob. w/ install/uninstall,easy_ham
 Re: Prob. w/ install/uninstall,easy_ham
 problems with apt update,easy_ham
 Re: problems with 'apt-get -f install',easy_ham
 Re: problems with apt update,easy_ham
 Re: problems with 'apt-get -f install',easy_ham
 Re: problems with 'apt-get -f install',easy_ham
 creating rpms with subdirs (install command),easy_ham
 Re: http://apt.nixia.no/,easy_ham
 Re: http://apt.nixia.no/,easy_ham
 Re: http://apt.nixia.no/,easy_ham
 Re: http://apt.nixia.no/,easy_ham
 Re: http://apt.nixia.no/,easy_ham
 Re: About apt kernel updates and dist-upgrade,easy_ham
 Re: About apt kernel updates and dist-upgrade,easy_ham
 Re: About apt kernel updates and dist-upgrade,easy_ham
 Problem with an rpm...,easy_ham
 Re: Problem with an rpm...,easy_ham
 Re: Problem with an rpm...,easy_ham
 Re: Problem with an rpm...,easy_ham
 Re: Problem with an rpm...,easy_ham
 Apt problems,easy_ham
 Re: Apt problems,easy_ham
 Re: Apt problems,easy_ham
 apt-get http fails,easy_ham
 Re: Apt problems,easy_ham
 Re: Apt problems,easy_ham
 Re: Apt problems,easy_ham
 Re: Apt problems,easy_ham
 Re: About apt kernel updates and dist-upgrade,easy_ham
 Re: About apt kernel updates and dist-upgrade,easy_ham
 rpm-zzzlist@freshrpms.net,easy_ham
 Re: rpm-zzzlist@freshrpms.net,easy_ham
 Holidays for freshrpms.net :-),easy_ham
 Re: Holidays for freshrpms.net :-),easy_ham
 Re: Holidays for freshrpms.net :-),easy_ham
 Re: Holidays for freshrpms.net :-),easy_ham
 REQ: Beast/BSE,easy_ham
 New testing packages,easy_ham
 Re: New testing packages,easy_ham
 Re: --with ...,easy_ham
 Re: --with ...,easy_ham
 Re: New testing packages,easy_ham
 sylpheed-claws,easy_ham
 Re: New testing packages,easy_ham
 Re: sylpheed-claws,easy_ham
 Re: Should mplayer be build with Win32 codecs?,easy_ham
 Re: Should mplayer be build with Win32 codecs?,easy_ham
 Re: New testing packages,easy_ham
 Re: sylpheed-claws,easy_ham
 Re: bad focus/click behaviours,easy_ham
 Re: bad focus/click behaviours,easy_ham
 Re: bad focus/click behaviours,easy_ham
 Re: bad focus/click behaviours,easy_ham
 Re: bad focus/click behaviours,easy_ham
 Re: traceback in new exmh,easy_ham
 Re: traceback in new exmh,easy_ham
 Re: traceback in new exmh,easy_ham
 Re: traceback in new exmh,easy_ham
 Re: traceback in new exmh,easy_ham
 Re: traceback in new exmh,easy_ham
 Re: Minor feature request,easy_ham
 Re: Exmh && speed,easy_ham
 Bug report: msg n+1 marked read,easy_ham
 Re: Bug report: msg n+1 marked read,easy_ham
 exmh and pgp: support for external passphrase cache (+patch),easy_ham
 Re: Help! I've lost my exmh-unseen window!,easy_ham
 Re: Help! I've lost my exmh-unseen window!,easy_ham
 Re: Help! I've lost my exmh-unseen window!,easy_ham
 Re: Help! I've lost my exmh-unseen window!,easy_ham
 Working My_Mark2CurSeen,easy_ham
 Re: Working My_Mark2CurSeen,easy_ham
 Re: Working My_Mark2CurSeen,easy_ham
 Re: Working My_Mark2CurSeen,easy_ham
 Unseen window versus Sequences Window,easy_ham
 Bindings problem with current CVS code,easy_ham
 Re: Bindings problem with current CVS code,easy_ham
 Re: Unseen window versus Sequences Window,easy_ham
 A couple of nits...,easy_ham
 Re: Unseen window versus Sequences Window,easy_ham
 Re: A couple of nits...,easy_ham
 Re: Bindings problem with current CVS code,easy_ham
 Re: Another sequences window nit,easy_ham
 Re: Working My_Mark2CurSeen,easy_ham
 Ringing bell on other computer,easy_ham
 Re: Ringing bell on other computer,easy_ham
 Re: Insert signature,easy_ham
 Re: New Sequences Window,easy_ham
 Re: New Sequences Window,easy_ham
 Re: CVS report,easy_ham
 Re: CVS report,easy_ham
 Re: CVS report,easy_ham
 Re: Insert signature,easy_ham
 Re: Insert signature,easy_ham
 Anolther sequence related traceback,easy_ham
 Re: Insert signature,easy_ham
 Re: CVS report,easy_ham
 Re: CVS report,easy_ham
 Re: CVS report,easy_ham
 Re: Anolther sequence related traceback,easy_ham
 ARRRGHHH Had GPG working now it doesnt.,easy_ham
 Re: Ringing bell on other computer,easy_ham
 Re: Ringing bell on other computer,easy_ham
 From,easy_ham
 Re: From,easy_ham
 Re: From,easy_ham
 Re: From,easy_ham
 Re: From,easy_ham
 Re: From,easy_ham
 Re: From,easy_ham
 Re: From,easy_ham
 Re: From,easy_ham
 Re: sylpheed-claws,easy_ham
 Re: sylpheed-claws,easy_ham
 Re: sylpheed-claws,easy_ham
 Re: Should mplayer be build with Win32 codecs?,easy_ham
 netatalk-1.5.5-1rh7,easy_ham
 hi,easy_ham
 Re: hi,easy_ham
 Red Hat 8.0,easy_ham
 Re: [gst-devel] Red Hat 8.0,easy_ham
 Re: [gst-devel] Red Hat 8.0,easy_ham
 Re: [gst-devel] Red Hat 8.0,easy_ham
 Re: New testing packages,easy_ham
 Re: All set for Red Hat Linux 8.0,easy_ham
 Re: New testing packages,easy_ham
 Re: All set for Red Hat Linux 8.0,easy_ham
 apt 0.5.7 on RH 7.x,easy_ham
 Re: ALSA Problem with Null kernel,easy_ham
 Re: apt 0.5.7 on RH 7.x,easy_ham
 Re: apt 0.5.7 on RH 7.x,easy_ham
 Re: ALSA Problem with Null kernel,easy_ham
 Re: ALSA Problem with Null kernel,easy_ham
 Re: apt 0.5.7 on RH 7.x,easy_ham
 Re: apt 0.5.7 on RH 7.x,easy_ham
 use new apt to do null to RH8 upgrade?,easy_ham
 Re: use new apt to do null to RH8 upgrade?,easy_ham
 Re: use new apt to do null to RH8 upgrade?,easy_ham
 Re: use new apt to do null to RH8 upgrade?,easy_ham
 Re: use new apt to do null to RH8 upgrade?,easy_ham
 Re: Gabber packages for 8.0 (was: All set for Red Hat Linux 8.0),easy_ham
 Re: Gabber packages for 8.0 (was: All set for Red Hat Linux 8.0),easy_ham
 Re: use new apt to do null to RH8 upgrade?,easy_ham
 Re: use new apt to do null to RH8 upgrade?,easy_ham
 alsa-driver.spec tweak for homemade kernels,easy_ham
 Re: use new apt to do null to RH8 upgrade?,easy_ham
 Re: alsa-driver.spec tweak for homemade kernels,easy_ham
 Re: alsa-driver.spec tweak for homemade kernels,easy_ham
 Re: use new apt to do null to RH8 upgrade?,easy_ham
 Debian-style task-packages for RH8.0 available,easy_ham
 freshrpms.net resources (was Re: use new apt to do null to RH8,easy_ham
 Re: use new apt to do null to RH8 upgrade?,easy_ham
 Re: use new apt to do null to RH8 upgrade?,easy_ham
 Re: alsa-driver.spec tweak for homemade kernels,easy_ham
 Re: use new apt to do null to RH8 upgrade?,easy_ham
 Re: alsa-driver.spec tweak for homemade kernels,easy_ham
 Re: use new apt to do null to RH8 upgrade?,easy_ham
 Mplayer,easy_ham
 Re: Mplayer,easy_ham
 Re: alsa-driver.spec tweak for homemade kernels ...,easy_ham
 Re: Python 2.2 site libs?,easy_ham
 Re: Python 2.2 site libs?,easy_ham
 Re: f-rpm] Python 2.2 site libs?,easy_ham
 Re: K3B,easy_ham
 apt.conf suggestion,easy_ham
 Re: Python 2.2 site libs?,easy_ham
 Re: K3B,easy_ham
 Re: apt.conf suggestion,easy_ham
 Re: K3B,easy_ham
 Re: K3B,easy_ham
 Re: K3B,easy_ham
 Re: Mplayer,easy_ham
 Re: Mplayer,easy_ham
 Re: Mplayer,easy_ham
 Re: K3B,easy_ham
 Psyche: Anyone else tried it?,easy_ham
 Re: problems with apt/synaptic,easy_ham
 Re: Alsa/Redhat 8 compatability,easy_ham
 Re: Alsa/Redhat 8 compatability,easy_ham
 Re: RedHat 8.0 and his own freetype,easy_ham
 Problem building lame-3.92-fr5.src.rpm on RH8,easy_ham
 Xine dependencies,easy_ham
 Re: Xine dependencies,easy_ham
 Re: Problem building lame-3.92-fr5.src.rpm on RH8,easy_ham
 Re: alsa-driver.spec tweak for homemade kernels,easy_ham
 Re: Xine dependencies,easy_ham
 Re: Xine Dependencies,easy_ham
 Re: RedHat 8.0 and his own freetype,easy_ham
 Re: Problem building lame-3.92-fr5.src.rpm on RH8,easy_ham
 Re: f-rpm] Re: Problem building lame-3.92-fr5.src.rpm on RH8,easy_ham
 xine src package,easy_ham
 Re: xine src package,easy_ham
 RH 8 no DMA for DVD drive,easy_ham
 Re: RH 8 no DMA for DVD drive,easy_ham
 Re: RH 8 no DMA for DVD drive,easy_ham
 apt-get problem ?,easy_ham
 Re: apt-get problem ?,easy_ham
 a problem with apt-get,easy_ham
 Re: RH 8 no DMA for DVD drive,easy_ham
 Re: RH 8 no DMA for DVD drive,easy_ham
 Re: RH 8 no DMA for DVD drive,easy_ham
 Re: transcode build problem (was: RH 8 no DMA for DVD drive),easy_ham
 Re: RH 8 no DMA for DVD drive,easy_ham
 Re: RH 8 no DMA for DVD drive,easy_ham
 Re: transcode build problem (was: RH 8 no DMA for DVD drive),easy_ham
 Re: RH 8 no DMA for DVD drive,easy_ham
 Re: RH 8 no DMA for DVD drive,easy_ham
 Re: RH 8 no DMA for DVD drive,easy_ham
 Nessus?,easy_ham
 Re: Nessus?,easy_ham
 Re: Nessus?,easy_ham
 Re: xmms and .mp3 files.,easy_ham
 Re: mplayer not working for me,easy_ham
 Re: mplayer not working for me,easy_ham
 Re: ALSA (almost) made easy,easy_ham
 Re: ALSA (almost) made easy,easy_ham
 Re: ALSA (almost) made easy,easy_ham
 Re: /home/dude,easy_ham
 Re: alsa-driver rebuild fails with undeclared USB symbol,easy_ham
 Re: alsa-driver rebuild fails with undeclared USB symbol,easy_ham
 Re: alsa-driver rebuild fails with undeclared USB symbol,easy_ham
 Re: ALSA (almost) made easy (gamix rocks),easy_ham
 Fw: some (null) eyecandy packages,easy_ham
 some (null) eyecandy packages,easy_ham
 Re: Nessus?,easy_ham
 Re: xine src packge still gives errors,easy_ham
 Re: xmms and .mp3 files.,easy_ham
 Re: a problem with apt-get,easy_ham
 Re: RH 8 no DMA for DVD drive,easy_ham
 Re: ALSA (almost) made easy,easy_ham
 Problems with xosd-xmms,easy_ham
 Re: xine cannot play DVDs - "liba52: a52_block error",easy_ham
 Re: Ack apt-get still failing for me stumped. [RH8],easy_ham
 Apt 0.3 and 0.5,easy_ham
 Re: Apt 0.3 and 0.5,easy_ham
 dvd::rip on Red Hat 8.0?,easy_ham
 Re: dvd::rip on Red Hat 8.0?,easy_ham
 blogged item,easy_ham
      The Case of the Stoneybatter Strangler,easy_ham
 Re: results for giant mass-check (phew),easy_ham
 [SAdev] Spam-Assassin nightly build 22-8-02,easy_ham
 Re: [SAtalk] Highest-scoring false positive,easy_ham
 Re: [SAtalk] Highest-scoring false positive,easy_ham
 [SAtalk] Some Stupid Questions,easy_ham
 Re: [SAtalk] Some Stupid Questions,easy_ham
 [SACVS] CVS: spamassassin/masses mass-check1.671.67.2.1,easy_ham
 [SAtalk] Re: [SAdev] 2.40 RELEASE PROCESS: mass-check status folks?,easy_ham
 Re: [SAtalk] German spam corpus / foreign language spam,easy_ham
 Re: [SAtalk] Re: SA In The News,easy_ham
 [SAtalk] help with postfix + spamassassin,easy_ham
 [SAtalk] Version 1.1.11 of the DCC (fwd),easy_ham
 Version 1.1.11 of the DCC,easy_ham
 Re: Whitelisting (Re: [SAtalk] SA In The News),easy_ham
 Re: [SAdev] Re: several messages,easy_ham
 Re: [SAtalk] help with postfix + spamassassin,easy_ham
 Re: [SAtalk] Re: Other uses for SA?,easy_ham
 Re: [SAtalk] 2.40 RELEASE: oops -- newer freqs.,easy_ham
 Re: [SAtalk] 2.40 RELEASE: oops -- newer freqs.,easy_ham
 Re: [SAdev] [Bug 735] spamassassin -t lies,easy_ham
 Re: [SAtalk] From: and To: are my address,easy_ham
 [SAtalk] Test spam,easy_ham
 [SACVS] CVS: spamassassin/debian spamassassin.README.Debian1.11.2,easy_ham
 Re: [SAtalk] where can I find the Habeas patent (application)?,easy_ham
 MacOS X (Re: [SAtalk] [OT] Habeas-talk (was: 2.40 RELEASE: oops,easy_ham
 Re: patent on TMDA-like system,easy_ham
 Re: [SAdev] SpamAssassin POP3 proxy,easy_ham
 Re: [SAdev] SpamAssassin POP3 proxy,easy_ham
 Re: FAQ: taint warnings from SA in /etc/procmailrc,easy_ham
 Re: patent on TMDA-like system,easy_ham
 Re: [SAtalk] Re: patent on TMDA-like system,easy_ham
 [SAtalk] Re: patent on TMDA-like system,easy_ham
 Re: [SAtalk] Re: patent on TMDA-like system,easy_ham
 Re: [SAtalk] test,easy_ham
 RE: [SAtalk] Too funny,easy_ham
 Re: [SAtalk] Too funny,easy_ham
 [SAtalk] Re: Too funny,easy_ham
 Re: [SAtalk] Too funny,easy_ham
 [SAdev] [Bug 777] tests to find hand-written HTML,easy_ham
 [SACVS] CVS: spamassassin/masses evolve.cxx1.28NONE,easy_ham
 [SACVS] CVS: spamassassin MANIFEST1.100.2.111.100.2.12,easy_ham
 Re: [SAtalk] Too funny,easy_ham
 Re: [SAtalk] testing the install,easy_ham
 [SAdev] 2.40: ready for release?,easy_ham
 [SAtalk] Compile error under Digital Unix,easy_ham
 [SAtalk] O.T. Habeus -- Why?,easy_ham
 Re: [SAdev] 2.40: ready for release? *NO*,easy_ham
 [SAtalk] updating SA,easy_ham
 Re: [SAtalk] custom score for a given domain?,easy_ham
 RE: [SAtalk] O.T. Habeus -- Why?,easy_ham
 Re: [SAtalk] updating SA,easy_ham
 Re: [SAdev] 2.40: ready for release? *NO*,easy_ham
 Re: [SAtalk] O.T. Habeus -- Why?,easy_ham
 Re: [SAtalk] O.T. Habeus -- Why?,easy_ham
 Re: [SAdev] 2.40: ready for release?,easy_ham
 [SAtalk] Tru64 compile of SA,easy_ham
 [SACVS] CVS: spamassassin/masses parse-rules-for-masses1.1.2.21.1.2.3,easy_ham
 Re: [SAtalk] O.T. Habeus -- Why?,easy_ham
 Re: [SAtalk] custom score for a given domain?,easy_ham
 [SAtalk] Compile error under Digital Unix,easy_ham
 [SAtalk] moving SPAM: results to bottom of message.,easy_ham
 [SACVS] CVS: spamassassin/t SATest.pm1.15.4.11.15.4.2,easy_ham
 Re: [SAtalk] O.T. Habeus -- Why?,easy_ham
 Re: [SAtalk] O.T. Habeus -- Why?,easy_ham
 [SACVS] CVS: spamassassin configure1.1.2.11.1.2.2,easy_ham
 Re: [SAdev] 2.40: ready for release?,easy_ham
 Re: [SAtalk] O.T. Habeus -- Why?,easy_ham
 Re: [SAtalk] O.T. Habeus -- Why?,easy_ham
 Re: [SAtalk] O.T. Habeus -- Why?,easy_ham
 [SAtalk] Having a problem,easy_ham
 Re: [SAtalk] O.T. Habeus -- Why?,easy_ham
 RE: [SAtalk] O.T. Habeus -- Why?,easy_ham
 Re: [SAtalk] O.T. Habeus -- Why?,easy_ham
 Re: [SAtalk] O.T. Habeus -- Why?,easy_ham
 Re: [SAtalk] Tru64 compile of SA,easy_ham
 Re: [SAdev] 2.40: ready for release?,easy_ham
 Re: [SAtalk] O.T. Habeus -- Why?,easy_ham
 Re: [SAtalk] O.T. Habeus -- Why?,easy_ham
 RE: [SAtalk] O.T. Habeus -- Why?,easy_ham
 Re: [SAtalk] SA very slow (hangs?) on this message or is it just me?,easy_ham
 Re: [SAtalk] SA very slow (hangs?) on this message or is it just me?,easy_ham
 [SACVS] CVS: spamassassin procmailrc.example1.31.3.2.1,easy_ham
 Re: [SAtalk] SA very slow (hangs?) on this message or is it just me?,easy_ham
 Re: [SAtalk] SA very slow (hangs?) on this message or is it just me?,easy_ham
 Re: [SAtalk] O.T. Habeus -- Why?,easy_ham
 Re: [SAtalk] UPPERCASE_* rules and foreign character sets,easy_ham
 Re: [SAtalk] O.T. Habeus -- Why?,easy_ham
 Re: [SAdev] GA-assigned SPAM_PHRASE_55_XX score,easy_ham
 Re: [SAdev] results of scorer evaluation,easy_ham
 Re: [SAdev] results of scorer evaluation,easy_ham
 Re: [SAtalk] Tru64 compile of SA,easy_ham
 Re: [SAdev] SpamAssassin v2.40 released (finally)!,easy_ham
 [Razor-users] honor is not in csl,easy_ham
 RE: [Razor-users] honor is not in csl,easy_ham
 [Razor-users] honor is not in csl,easy_ham
 [Razor-users] Razor with sendmail,easy_ham
 [Razor-users] Razor 2.14 - the day after,easy_ham
 Re: [Razor-users] Razor 2.14 - the day after,easy_ham
 Re: [Razor-users] Razor with sendmail,easy_ham
 Re: [Razor-users] Razor with sendmail,easy_ham
 RE: [Razor-users] Razor with sendmail,easy_ham
 Re: [Razor-users] Razor with sendmail,easy_ham
 Re: [Razor-users] Razor with sendmail,easy_ham
 Re: Storing passwords,easy_ham
 Secure Sofware Key,easy_ham
 Re: Secure Sofware Key,easy_ham
 Re: Secure Sofware Key,easy_ham
 Re: Secure Sofware Key,easy_ham
 Re: Secure Sofware Key,easy_ham
 Re: Secure Sofware Key,easy_ham
 Re: Secure Sofware Key,easy_ham
 Re: Secure Sofware Key,easy_ham
 [Spambayes] All but one testing,easy_ham
 [Spambayes] all but one testing,easy_ham
 [Spambayes] All but one testing,easy_ham
 [Spambayes] test sets?,easy_ham
 [Spambayes] test sets?,easy_ham
 [Spambayes] all but one testing,easy_ham
 [Spambayes] test sets?,easy_ham
 [Spambayes] Re: [Python-Dev] Getting started with GBayes testing ,easy_ham
 [Spambayes] test sets? ,easy_ham
 Re: [SAdev] SpamAssassin v2.40 released (finally)!,easy_ham
 [SAtalk] "Broken Pipe" on initial test,easy_ham
 Re: [SAtalk] SpamAssassin v2.40 released (finally)!,easy_ham
 [SACVS] CVS: spamassassin/masses/tenpass - New directory,easy_ham
 [SAdev] [Bug 804] Razor debugging isn't functioning,easy_ham
 [SAdev] [Bug 805] Razor2 lookups don't work,easy_ham
 Re: [SAtalk] SpamAssassin v2.40 released (finally)!,easy_ham
 Re: [SAdev] 2.41 release? ,easy_ham
 Re: [SAtalk] BUG: spamd --allowed-ips=[127.0.0.1 must be first],easy_ham
 [SAtalk] Re: Custom actions for high scoring spam,easy_ham
 [SACVS] CVS: spamassassin/lib/Mail/SpamAssassin Conf.pm1.91.2.71.91.2.8,easy_ham
 WARNING. Mail Delayed: Re: [SAtalk] [OT] Perl problem and 2.40,easy_ham
 Re: [SAtalk] [OT] Perl problem and 2.40 released,easy_ham
 Re: [SAtalk] PerMsgStatus.pm error?,easy_ham
 [SAtalk] www.spamassassin.org: giving a HTTP/1.1 error from,easy_ham
 Re: [SAtalk] getting single-user spam assassin to work in FreeBSD,easy_ham
 Re: [SAtalk] Trend: Spam disguised as newsletters,easy_ham
 Re: [SAtalk] My SA went crazy.,easy_ham
 [SAtalk] Thought for RPM/deb/etc packagers,easy_ham
 Re: [SAtalk] PerMsgStatus.pm error?,easy_ham
 [SAtalk] [OT] SpamAssassin figures...,easy_ham
 Re: [SAtalk] [OT] SpamAssassin figures...,easy_ham
 Re: [SAtalk] redhat init.d script for spamd and the -H option,easy_ham
 Re: [SAtalk] Lotus Notes users?,easy_ham
 Re: [SAdev] [Bug 840] spam_level_char option change/removal,easy_ham
 [SAdev] [Bug 840] spam_level_char option change/removal,easy_ham
 Re: [SAdev]  spam_level_char option change/removal,easy_ham
 Re: [SAtalk] Lotus Notes users?,easy_ham
 [SAtalk] spamd can't find...,easy_ham
 [SAtalk] Huh?,easy_ham
 Re: [SAdev] Re: [SACVS] CVS: spamassassin/rules 60_whitelist.cf1.291.30,easy_ham
 [SAdev] [Bug 486] SpamAssassin causes zombies (network tests,easy_ham
 Re: [SAtalk] base64 decode problem?,easy_ham
 Re: [SAdev] 2.42 to come ?,easy_ham
 [SAtalk] Reject Blackhole or Fake No-User?,easy_ham
 Re: [SAtalk] Yeah right... If spamassassin was looking through th,easy_ham
 Re: [SAtalk] Re: [SAdev] File::Spec and v2.41,easy_ham
 RE: [SAtalk] Debianized Packages for SA 2.3+,easy_ham
 [SAtalk] Debianized Packages for SA 2.3+,easy_ham
 Re: [SAtalk] Re: [SAdev] File::Spec and v2.41,easy_ham
 [SAtalk] Is DCC for real?,easy_ham
 Re: [SAtalk] Badly Formatted Spam Report in HTML spam,easy_ham
 [SAtalk] Re: Spamassassin-talk digest Vol 1 #659 - 41 msgs,easy_ham
 Re: [SAtalk] Bayesian and bogofilter,easy_ham
 Re: [SAtalk] Reject Blackhole or Fake No-User,easy_ham
 RE: [SAtalk] 2.41/2.50 spamd/spamc problem,easy_ham
 RE: [SAtalk] 2.41/2.50 spamd/spamc problem,easy_ham
 [SAtalk] 2.41/2.50 spamd/spamc problem,easy_ham
 [SAtalk] Spamassassin with Pyzor,easy_ham
 Re: [SAtalk] Getting yourself removed from spam lists,easy_ham
 RE: [SAtalk] Getting yourself removed from spam lists,easy_ham
 Re: [SAtalk] Getting yourself removed from spam lists,easy_ham
 [SAtalk] OT: DNS MX Record Clarification Please,easy_ham
 Re: [SAtalk] OT: DNS MX Record Clarification Please,easy_ham
 Re: [SAtalk] spamc -c problems on 2.41?,easy_ham
 Re: [SAtalk] OT: DNS MX Record Clarification Please,easy_ham
 Re: [SAtalk] Still confused about spamd/c,easy_ham
 [SAdev] spamc load balancing to multiple spamd,easy_ham
 Re: [SAtalk] Getting yourself removed from spam lists,easy_ham
 [SAtalk] RBL timed oiut and Spam Assassin killed,easy_ham
 Re: [SAdev] Suggestion - 2 levels of Spam Status,easy_ham
 Re: [SAtalk] RBL timed oiut and Spam Assassin killed,easy_ham
 Re: [SAdev] Suggestion - 2 levels of Spam Status,easy_ham
 [Razor-users] Performance,easy_ham
 [SAtalk] Running SA as a user app?,easy_ham
 Re: [SAdev] testing with less rules,easy_ham
 Re: [SAdev] testing with less rules,easy_ham
 Re: [SAtalk] Can someone please tell me how to get an answer from,easy_ham
 Re: [SAdev] Re: [SAtalk] SpamAssassin and unconfirmed.dsbl.org,easy_ham
 Re: [SAtalk] checking out Razor2 (and SA 2.41) install - Net::DNS:Resolver problem? ,easy_ham
 Re: [SAdev] phew! ,easy_ham
 [SAtalk] spamc and DCC,easy_ham
 Re: [SAtalk] Ignore System Messages - How?,easy_ham
 RE: [SAdev] phew!,easy_ham
 Re: [SAtalk] dependencies / pre-requisites for installation in,easy_ham
 Re: [SAdev] phew! ,easy_ham
 [SAdev] [Bug 828] spamassassin.org is unreliable,easy_ham
 [SAdev] [Bug 1008] SpamAssassin does not work with Glance for,easy_ham
 [SAdev] [Bug 886] Add a rule to detect Content-type message/partial,easy_ham
 [SAdev] [Bug 813] add Bayesian spam filtering,easy_ham
 [SAdev] [Bug 1012] negate directive addition,easy_ham
 Re: [SAtalk] Spam host?,easy_ham
 RE: [SAtalk] separate inbound and outbound,easy_ham
 Re: [SAtalk] separate inbound and outbound,easy_ham
 RE: [SAtalk] user_prefs ignored,easy_ham
 Re: [SAdev] Have mass-check remove X-Spam-* headers?,easy_ham
 [SAtalk] Razor problem,easy_ham
 Re: GA Development (was Re: [SAdev] [Bug 1030] NO_INVENTORY,easy_ham
 Returned mail: [SACVS] CVS: spamassassin/masses craig-evolve.c.ALTIVECNONE1.1,easy_ham
 Re: [SAtalk] URL blacklist,easy_ham
 Re: [SAtalk] telesp.net.br?,easy_ham
 Re: [SAdev] phew!,easy_ham
 Re: [SAdev] Re: [Razor-users] Mutating spam,easy_ham
 [SACVS] CVS: spamassassin/lib/Mail SpamAssassin.pm1.115.2.111.115.2.12,easy_ham
 [SACVS] CVS: spamassassin spamassassin.raw1.68.2.121.68.2.13,easy_ham
 [SACVS] CVS: spamassassin/t db_based_whitelist.t1.6.4.11.6.4.2,easy_ham
 [SACVS] CVS: spamassassin spamassassin.raw1.761.77,easy_ham
 [SACVS] CVS: spamassassin/rules 50_scores.cf1.2261.227,easy_ham
 [SACVS] CVS: spamassassin/t db_based_whitelist.t1.71.8,easy_ham
 Re: [SAtalk] 2.42: est release?,easy_ham
 Re: [SAdev] Re: Web subscription for spamassassin package,easy_ham
 [SAdev] [Bug 1049] Pathname for "triplets.txt" is incorrect.,easy_ham
 [SAdev] [Bug 1006] Spamassassin's build process makes packaging,easy_ham
 [SAdev] [Bug 1046] Errors from 'perl Makefile.PL',easy_ham
 [SAdev] [Bug 1006] Spamassassin's build process makes packaging,easy_ham
 [SAdev] [Bug 960] COMMENT low-performing rule pruned,easy_ham
 [SAdev] [Bug 739] rules broken: RATWARE_*,easy_ham
 [SAdev] [Bug 779] rule broken: CORRUPT_MSGID,easy_ham
 [SAdev] [Bug 1052] New: bondedsender.com is a scam,easy_ham
 [SAdev] [Bug 1052] bondedsender.com is a scam,easy_ham
 [SAdev] [Bug 1053] New: IMG tag based rules,easy_ham
 [SAdev] [Bug 1053] IMG tag based rules,easy_ham
 [SAdev] [Bug 1054] New: Split up FROM_ENDS_IN_NUMS,easy_ham
 Re: [SAdev] nightly mass-check and hit-frequencies,easy_ham
 Re: [SAtalk] razor2 auth? ,easy_ham
 [SAtalk] emacs rmail  How to sort subject lines and headers.,easy_ham
 Re: [SAtalk] Re: AWL bug in 2.42?,easy_ham
 [SAdev] Party in San Francisco tonight,easy_ham
 Re: [SAdev] 2.40 RELEASE PROCESS: mass-check status folks?,easy_ham
 [SAdev] [Bug 1075] RPM build puts wrong path in the *.cf files,easy_ham
 Re: [SAtalk] Setting up a spam eating address,easy_ham
 Re: [SAtalk] False Positive of the Week,easy_ham
 [SAdev] [Bug 839] mailbox corruption not fixed with procmail 3.22,easy_ham
 Failed mail: Banned or potentially offensive material,easy_ham
 Re: [SAtalk] spamd error messages,easy_ham
 Re: [SAdev] Interesting approach to Spam handling..,easy_ham
 Re: [SAtalk] Re: fully-public corpus of mail available,easy_ham
 Re: [SAdev] fully-public corpus of mail available,easy_ham
 Re: [SAdev] fully-public corpus of mail available ,easy_ham
 RE: [Razor-users] Razor with sendmail,easy_ham
 Razor-users digest Vol 1 #346 - 8 msgs,easy_ham
 RE: [Razor-users] Razor with sendmail,easy_ham
 [Razor-users] Where can i find a positif mail(spam) for test,easy_ham
 [Razor-users] Exit.status =13 ?,easy_ham
 [Razor-users] Reducing impact from tons of email,easy_ham
 RE: [Razor-users] Reducing impact from tons of email,easy_ham
 Re[2]: [Razor-users] Reducing impact from tons of email,easy_ham
 [Razor-users] Preproc erasing message,easy_ham
 New Freeware Download,easy_ham
 [Razor-users] Collision of hashes?,easy_ham
 [Razor-users] razor plugins for mozilla?,easy_ham
 Re: [Razor-users] razor plugins for mozilla?,easy_ham
 [Razor-users] razor plugins for mozilla?,easy_ham
 Re: [Razor-users] razor plugins for mozilla?,easy_ham
 Re: [Razor-users] Razor v2 effectiveness stats - HTML table - Take 2,easy_ham
 [Razor-users] Windows port / bug reports?,easy_ham
 Re: [Razor-users] Problem with Razor 2.14 and Spamassassin 2.41,easy_ham
 Re: [Razor-users] Problem with Razor 2.14 and Spamassassin 2.41,easy_ham
 Re: [Razor-users] Problem with Razor 2.14 and Spamassassin 2.41,easy_ham
 Re: [Razor-users] Problem with Razor 2.14 and Spamassassin 2.41,easy_ham
 Re: [Razor-users] removing Razor1,easy_ham
 Re: [Razor-users] Problem with Razor 2.14 and Spamassassin 2.41,easy_ham
 Re: [Razor-users] Problem with Razor 2.14 and Spamassassin 2.41,easy_ham
 RE: [Razor-users] spamassassin+razor2,easy_ham
 Re: [Razor-users] spamassassin+razor2,easy_ham
 Re: [Razor-users] Problem with Razor 2.14 and Spamassassin 2.41,easy_ham
 [Razor-users] spamassassin+razor2,easy_ham
 Re: [Razor-users] spamassassin+razor2,easy_ham
 [Razor-users] removing Razor1,easy_ham
 Re: [Razor-users] Problem with Razor 2.14 and Spamassassin 2.41,easy_ham
 Re: [Razor-users] Problem with Razor 2.14 and Spamassassin 2.41,easy_ham
 [Razor-users] Problem with Razor 2.14 and Spamassassin 2.41,easy_ham
 Re: [Razor-users] spamassassin+razor2,easy_ham
 [Razor-users] log problem,easy_ham
 Re: [Razor-users] log problem,easy_ham
 Re: [Razor-users] log problem,easy_ham
 Re: [Razor-users] log problem,easy_ham
 [Razor-users] Viewing my trust rating?,easy_ham
 [Razor-users] Bug?,easy_ham
 [Razor-users] How to test razor,easy_ham
 [Razor-users] no positive razor hits?,easy_ham
 [Razor-users] Re: Collision of hashes?,easy_ham
 [Razor-users] Fun Uses of Razored Mail,easy_ham
 [Razor-users] Bug ... still,easy_ham
 [Razor-users] empty mail is spamm?,easy_ham
 Re: [Razor-users] empty mail is spamm?,easy_ham
 Re: [Razor-users] HTML Table - Razor Stats using -lm 4 ,easy_ham
 Re: [Razor-users] early experiences with Razor2 (and SA),easy_ham
 RE: [Razor-users] RE: Re: Some startup questions...,easy_ham
 [Razor-users] The -lm 4 blues,easy_ham
 Re: [Razor-users] Razor: shall I use it with AMaViS or with,easy_ham
 Re: [Razor-users] Using razor with maildrop,easy_ham
 Re: [Razor-users] Using razor with maildrop,easy_ham
 [Razor-users] Forged email address,easy_ham
 Re: [Razor-users] razor unblessed reference,easy_ham
 [Razor-users] "No razor servers available at this time",easy_ham
 [Razor-users] "Can't use and undefined value.." error,easy_ham
 [Razor-users] Re: Can't use and undefined value.." error,easy_ham
 [Razor-users] Fire.cloudmark.com is having issues,easy_ham
 RE: [Razor-users] Fire.cloudmark.com is having issues,easy_ham
 [Razor-users] Problem with SDK 2.03?,easy_ham
 Re: [Razor-users] Fire.cloudmark.com is having issues,easy_ham
 Re: [Razor-users] Fire.cloudmark.com is having issues,easy_ham
 Re: [Razor-users] "No razor servers available at this time",easy_ham
 [Razor-users] problems with hubris and/or discovery,easy_ham
 Re: [Razor-users] problems with hubris and/or discovery,easy_ham
 [Razor-users] FW: [EVENT NOTIFICATION] UUnet North American,easy_ham
 [EVENT NOTIFICATION] UUnet North American Backbone Problems,easy_ham
 [EVENT NOTIFICATION] UUnet North American Backbone Problems,easy_ham
 [Razor-users] Re: Can't call method "log" with SA/Razor2,easy_ham
 Re: [Razor-users] Collision of hashes?,easy_ham
 Re: [Razor-users] Collision of hashes?,easy_ham
 [Razor-users] Razor and Pine,easy_ham
 Re: [Razor-users] Razor and Pine,easy_ham
 Re: [Razor-users] Razor and Pine,easy_ham
 [Razor-users] razor vs cloudmark - merging?,easy_ham
 use of base image / delta image for automated recovery from attacks,easy_ham
 Re: Secure Sofware Key,easy_ham
 RE: use of base image / delta image for automated recovery from a,easy_ham
 use of base image / delta image for automated recovery from,easy_ham
 Re: FW: use of base image / delta image for automated recovery,easy_ham
 RE: Secure Sofware Key,easy_ham
 Re: use of base image / delta image for automated recovery from,easy_ham
 Re: FW: use of base image / delta image for automated recovery,easy_ham
 Re: Secure Sofware Key,easy_ham
 Re: use of base image / delta image for automated recovery from,easy_ham
 RE: use of base image / delta image for automated recovery from,easy_ham
 Re: use of base image / delta image for automated recovery from,easy_ham
 Re: Secure Sofware Key,easy_ham
 Re: use of base image / delta image for automated recovery from,easy_ham
 Re: The risks of client systems writing to server registry,easy_ham
 RE: Secure Sofware Key,easy_ham
 Re: Secure Sofware Key,easy_ham
 Re: use of base image / delta image for automated recovery from,easy_ham
 Encryption approach to secure web applications,easy_ham
 [Spambayes] test sets?,easy_ham
 [Spambayes] test sets?,easy_ham
 [Spambayes] Re: [Python-Dev] Getting started with GBayes testing,easy_ham
 [Spambayes] test sets?,easy_ham
 [Spambayes] test sets?,easy_ham
 [Spambayes] test sets?,easy_ham
 [Spambayes] Deployment,easy_ham
 [Spambayes] test sets?,easy_ham
 [Spambayes] Deployment,easy_ham
 [Spambayes] test sets?,easy_ham
 [Spambayes] Deployment,easy_ham
 [Spambayes] test sets?,easy_ham
 [Spambayes] Deployment,easy_ham
 [Spambayes] Deployment,easy_ham
 [Spambayes] Deployment,easy_ham
 [Spambayes] Deployment,easy_ham
 [Spambayes] Deployment,easy_ham
 [Spambayes] Deployment,easy_ham
 [Spambayes] Deployment,easy_ham
 [Spambayes] Deployment,easy_ham
 [Spambayes] Corpus Collection (Was: Re: Deployment),easy_ham
 [Spambayes] Deployment,easy_ham
 [Spambayes] Deployment,easy_ham
 [Spambayes] test sets?,easy_ham
 [Spambayes] test sets?,easy_ham
 [Spambayes] test sets?,easy_ham
 [Spambayes] Deployment,easy_ham
 [Spambayes] Deployment,easy_ham
 [Spambayes] Deployment,easy_ham
 [Spambayes] Deployment,easy_ham
 [Spambayes] test sets?,easy_ham
 [Spambayes] Deployment,easy_ham
 [Spambayes] Deployment,easy_ham
 [Spambayes] Deployment,easy_ham
 [Spambayes] Deployment,easy_ham
 [Spambayes] Deployment,easy_ham
 [Spambayes] Deployment,easy_ham
 [Spambayes] Deployment,easy_ham
 [Spambayes] Deployment,easy_ham
 [Spambayes] Deployment,easy_ham
 [Spambayes] Deployment,easy_ham
 [Spambayes] understanding high false negative rate,easy_ham
 [Spambayes] understanding high false negative rate,easy_ham
 [Spambayes] [ANN] Trained classifier available,easy_ham
 [Spambayes] understanding high false negative rate,easy_ham
 [Spambayes] Ditching WordInfo,easy_ham
 [Spambayes] test sets?,easy_ham
 [Spambayes] understanding high false negative rate,easy_ham
 [Spambayes] understanding high false negative rate,easy_ham
 [Spambayes] test sets? ,easy_ham
 [Spambayes] understanding high false negative rate ,easy_ham
 [Spambayes] understanding high false negative rate ,easy_ham
 [Spambayes] understanding high false negative rate ,easy_ham
 [Spambayes] hammie.py vs. GBayes.py,easy_ham
 [Spambayes] Maybe change X-Spam-Disposition to something else...,easy_ham
 [Spambayes] Maybe change X-Spam-Disposition to something else... ,easy_ham
 [Spambayes] hammie.py vs. GBayes.py,easy_ham
 [Spambayes] speed,easy_ham
 [Spambayes] can't write to CVS...,easy_ham
 [Spambayes] Ditching WordInfo,easy_ham
 [Spambayes] Ditching WordInfo,easy_ham
 [Spambayes] can't write to CVS...,easy_ham
 [Spambayes] can't write to CVS...,easy_ham
 [Spambayes] Maybe change X-Spam-Disposition to something else...,easy_ham
 [Spambayes] Maybe change X-Spam-Disposition to something else...,easy_ham
 [Spambayes] can't write to CVS...,easy_ham
 [Spambayes] Maybe change X-Spam-Disposition to something else...,easy_ham
 [Spambayes] Ditching WordInfo,easy_ham
 [Spambayes] Ditching WordInfo,easy_ham
 [Spambayes] understanding high false negative rate,easy_ham
 [Spambayes] understanding high false negative rate,easy_ham
 [Spambayes] test sets?,easy_ham
 [Spambayes] understanding high false negative rate,easy_ham
 [Spambayes] test sets?,easy_ham
 [Spambayes] spambayes package?,easy_ham
 [Spambayes] understanding high false negative rate,easy_ham
 [Spambayes] spambayes package?,easy_ham
 [Spambayes] test sets?,easy_ham
 [Spambayes] test sets?,easy_ham
 Hotel information,easy_ham
 [Spambayes] test sets?,easy_ham
 [Spambayes] test sets?,easy_ham
 [Spambayes] test sets?,easy_ham
 [Spambayes] spambayes package?,easy_ham
 [Spambayes] testing results,easy_ham
 [Spambayes] testing results,easy_ham
 [Spambayes] testing results,easy_ham
 [Spambayes] test sets?,easy_ham
 [Spambayes] test sets?,easy_ham
 [Spambayes] Ditching WordInfo,easy_ham
 [Spambayes] hammie.py vs. GBayes.py,easy_ham
 [Spambayes] All Cap or Cap Word Subjects,easy_ham
 [Spambayes] All Cap or Cap Word Subjects,easy_ham
 [Spambayes] testing results,easy_ham
 [Spambayes] Ditching WordInfo,easy_ham
 [Spambayes] testing results,easy_ham
 [Spambayes] spambayes package?,easy_ham
 [Spambayes] test sets?,easy_ham
 [Spambayes] test sets?,easy_ham
 [Spambayes] spambayes package?,easy_ham
 [Spambayes] spambayes package?,easy_ham
 [Spambayes] spambayes package?,easy_ham
 [Spambayes] deleting "duplicate" spam before training?  good idea or,easy_ham
 [Spambayes] understanding high false negative rate,easy_ham
 [Spambayes] deleting "duplicate" spam before training?  good idea,easy_ham
 [Spambayes] spambayes package?,easy_ham
 [Spambayes] deleting "duplicate" spam before training?  good idea,easy_ham
 [Spambayes] deleting "duplicate" spam before training?  good idea,easy_ham
 [Spambayes] deleting "duplicate" spam before training?  good idea,easy_ham
 [Spambayes] python.org email harvesting ready to roll,easy_ham
 [Spambayes] Current histograms,easy_ham
 [Spambayes] Current histograms ,easy_ham
 [Spambayes] timtest broke?,easy_ham
 [Spambayes] timtest broke?,easy_ham
 [Spambayes] timtest broke?,easy_ham
 [Spambayes] Current histograms,easy_ham
 [Spambayes] XTreme Training,easy_ham
 Training Courses in Python in UK,easy_ham
 [Spambayes] stack.pop() ate my multipart message,easy_ham
 Booga,easy_ham
 Booga,easy_ham
 [Spambayes] stack.pop() ate my multipart message,easy_ham
 [Spambayes] XTreme Training,easy_ham
 [Spambayes] Current histograms,easy_ham
 [Spambayes] Current histograms ,easy_ham
 [Spambayes] stack.pop() ate my multipart message,easy_ham
 [Spambayes] XTreme Training,easy_ham
 [Spambayes] Current histograms ,easy_ham
 [Spambayes] Current histograms,easy_ham
 [Spambayes] Current histograms ,easy_ham
 [use Perl] Headlines for 2002-08-24,easy_ham
 [use Perl] Stories for 2002-08-24,easy_ham
 How to end the war....,easy_ham
 Family Targetted Advertising,easy_ham
 [use Perl] Stories for 2002-08-27,easy_ham
 [use Perl] Headlines for 2002-08-27,easy_ham
 The "other" kind of work-experience ...,easy_ham
 [use Perl] Headlines for 2002-08-28,easy_ham
 [use Perl] Stories for 2002-08-28,easy_ham
 [use Perl] Headlines for 2002-08-31,easy_ham
 [use Perl] Stories for 2002-08-31,easy_ham
 [use Perl] Headlines for 2002-09-01,easy_ham
 [use Perl] Stories for 2002-09-01,easy_ham
 [use Perl] Stories for 2002-09-03,easy_ham
 [use Perl] Headlines for 2002-09-03,easy_ham
 [use Perl] Headlines for 2002-09-04,easy_ham
 [use Perl] Stories for 2002-09-04,easy_ham
 [use Perl] Headlines for 2002-09-06,easy_ham
 [use Perl] Stories for 2002-09-06,easy_ham
 Man dies as whale lands on boat,easy_ham
 [use Perl] Headlines for 2002-09-10,easy_ham
 [use Perl] Stories for 2002-09-10,easy_ham
 [use Perl] Headlines for 2002-09-11,easy_ham
 [use Perl] Stories for 2002-09-11,easy_ham
 [use Perl] Headlines for 2002-09-13,easy_ham
 [use Perl] Stories for 2002-09-13,easy_ham
 [use Perl] Headlines for 2002-09-14,easy_ham
 [use Perl] Stories for 2002-09-14,easy_ham
 [use Perl] Headlines for 2002-09-17,easy_ham
 [use Perl] Stories for 2002-09-17,easy_ham
 I'm a tad furry...,easy_ham
 [use Perl] Headlines for 2002-09-18,easy_ham
 [use Perl] Stories for 2002-09-18,easy_ham
 Virgin's latest airliner.,easy_ham
 Facts about sex.,easy_ham
 [use Perl] Headlines for 2002-09-19,easy_ham
 [use Perl] Stories for 2002-09-19,easy_ham
 [use Perl] Headlines for 2002-09-20,easy_ham
 [use Perl] Stories for 2002-09-20,easy_ham
 [use Perl] Headlines for 2002-09-23,easy_ham
 [use Perl] Stories for 2002-09-23,easy_ham
 [use Perl] Headlines for 2002-09-24,easy_ham
 [use Perl] Stories for 2002-09-24,easy_ham
 [use Perl] Headlines for 2002-09-26,easy_ham
 [use Perl] Stories for 2002-09-26,easy_ham
 [use Perl] Headlines for 2002-10-01,easy_ham
 [use Perl] Stories for 2002-10-01,easy_ham
 [use Perl] Stories for 2002-10-02,easy_ham
 [use Perl] Headlines for 2002-10-02,easy_ham
 I was such an ugly baby...,easy_ham
 [use Perl] Headlines for 2002-10-03,easy_ham
 [use Perl] Stories for 2002-10-03,easy_ham
 New $199 PC Doesn't Do Windows,easy_ham
 Say how old are you anyway?,easy_ham
 The History of Medicine,easy_ham
 [use Perl] Stories for 2002-10-07,easy_ham
 [use Perl] Stories for 2002-08-30,easy_ham
 Promises.,easy_ham
 QOTD: Cigarettes fast food beer.,easy_ham
 Upgrade,easy_ham
 [use Perl] Headlines for 2002-10-09,easy_ham
 [use Perl] Stories for 2002-10-09,easy_ham
 [use Perl] Stories for 2002-10-10,easy_ham
 New toys,easy_ham
 Jeremy Zawodny who works at Yahoo Finance offers an RSS 0.91 feed,easy_ham
 TRAMP Update,easy_ham
 Halley: "When is someone going to create _audio fonts_ for,easy_ham
 Feeling Lucky,easy_ham
 NY Times piece on reporters with weblogs.,easy_ham
 Phil Wolff: Dave Winer books I'll buy. _Sweet! _,easy_ham
 Great DVD interaction tool probably illegal,easy_ham
 Sheila Lennon was interviewed for the Times piece.,easy_ham
 Turning junk computers into activist gold,easy_ham
 I'm on TV tonight,easy_ham
 Google Domain Suffix Census,easy_ham
 Was child beating mom an enraged con artist?,easy_ham
 Deep-fried Twinkies take America by goo,easy_ham
 Slashdot reports that Amazon still wants to patent the Web.,easy_ham
 Warchalking FAQ,easy_ham
 News.Com: "Amazon.com is hoping to use more than the honor system,easy_ham
 "rssflowersalignright"I've gotten to know Phil Ringalda over the,easy_ham
 Gold Lake Mountain Resort looks pretty gooood. Man there are a,easy_ham
 Gold Lake Mountain Resort looks pretty gooood. Man there are a,easy_ham
 Janis Ian interviewed on Slashdot,easy_ham
 Ed Cone: "I told my grandmother goodbye.",easy_ham
 New Google News,easy_ham
 Paul Everitt: Interop in the Bazaar.,easy_ham
 CNN Headline News: To Blog or not to Blog.,easy_ham
 After posting my comment yesterday about next things I want to,easy_ham
 Phil Wolff: Dave Winer books I'll buy. _Sweet! _,easy_ham
 Goats with enormous testicles and a life-sized cow sculpted from,easy_ham
 Shelley Powers raises some interesting questions re whether RDF,easy_ham
 I've been hearing a lot about FOAF which is an acronym for,easy_ham
 Homeland Alert for the paranoid in you,easy_ham
 Now heavily medicated,easy_ham
 The Semantic Web makes me sick,easy_ham
 RIP Robert L Forward,easy_ham
 Google PR sends a message that they have a new News service.,easy_ham
 San Francisco caffeine tour,easy_ham
 News.Com: Google search gets newsier.,easy_ham
 RSS revolt,easy_ham
 Bruce Loebrich has scraped RSS feeds for Google news and a RSS,easy_ham
 Rights Fight,easy_ham
 News.Com: "Linux is a serious competitor" said Ballmer.,easy_ham
 Stark raving sane,easy_ham
 Google News,easy_ham
 Light reading,easy_ham
 Sam Ruby: "Yup I'm a sick puppy." _Me too!_,easy_ham
 Note to self: Read the pingback spec. Form opinion.,easy_ham
 Aaron Swartz: "If everyone is afraid to speak who will defend,easy_ham
 Lest anyone doubt that Brent has a good heart. "I laughed,easy_ham
 Dotcom Scoop: "CNET's Download.com is set to introduce a new,easy_ham
 Iowa: "There was frost outside this morning!",easy_ham
 MacNet Journal reports that OmniOutliner will support OPML soon.,easy_ham
 9/2/00: "In the overworked world of Web development there's no,easy_ham
 Ray Ozzie: Software Platform Dynamics.,easy_ham
 Wired: "An urgent business proposition and requests for urgent,easy_ham
 Jeremy Allaire: Wholistic Web Services.,easy_ham
 Scoble: "I'm just not that excited by much that Microsoft is doing.",easy_ham
 NY Times: "Google's automated editors appeared to match the work,easy_ham
 Parallels,easy_ham
 DVD stills,easy_ham
 Looks like Google did a deal to index the NY Times. If you do,easy_ham
 Lance Knobel of Davos Newbies does a quick review of Tony Blair's,easy_ham
 Bond-Barbie,easy_ham
 Get your own genome feed your hypochondria,easy_ham
 12 Reasons to Pre-Order my Novel,easy_ham
 P2P slogans for EFF,easy_ham
 Laura Bush's 419 letter,easy_ham
 DVD capture: Unbreaking the Mac,easy_ham
 Buy the Enron "E",easy_ham
 Horror writers against illiteracy,easy_ham
 Roman chariots responsible for Space Shuttle design constraints,easy_ham
 Britain puts records execs in charge of copyright enforcement,easy_ham
 Flying cars here jetpacks next?,easy_ham
 Energy gamers screwed California economy,easy_ham
 Fake News Headlines: Basque Explosion Chases Ends In,easy_ham
 Von Neumann's Best Friend a bio-pet,easy_ham
 Fuzzy Math,easy_ham
 Thanks to Jenny for the pointer to this Yale Law article about,easy_ham
 Liberation: Les jouebs stars editoriales du Web.,easy_ham
 Jeremy Bowers: "None of the trackback mechanisms has reached the,easy_ham
 Ken Dow reports that the current version of OmniOutliner can read,easy_ham
 Ray Ozzie: "How long before we see auto pingback generator spambots?",easy_ham
 Jeremy Zawodny on life in Silicon Valley: "I came out here to,easy_ham
 Labels shoot selves in foot by focusing on stopping P2P,easy_ham
 Reuters: "Pets may not only provide good company for their,easy_ham
 Speaking in Texas this Friday,easy_ham
 A productive thread,easy_ham
 Public domain superheroes reborn in Tom Strong,easy_ham
 [IMG: http://radio.weblogs.com/0001015/images/2002/09/25/uncSamMedium.gif,easy_ham
 WiFi Trek badges,easy_ham
 Daypop is back. _Ye-hi._,easy_ham
 Fred Grott: How to Keep RDF and RSS Straight.,easy_ham
 Medical notes,easy_ham
 Jon Hanna on the RSS-DEV list says that RSS was "not designed,easy_ham
 Ed Cone: "The House Subcommittee on Courts the Internet and,easy_ham
 Gracie Allen: "Never put a period where God has placed a comma.",easy_ham
 Great email from the RIAA's Hillary Rosen to execs at Yahoo,easy_ham
 Wired: "Stronger ties between ISPs and file-trading companies,easy_ham
 Ben Silverman the publisher of Dotcom Scoop says the Rosen,easy_ham
 p2p is not a crime,easy_ham
 John Robb: "Yesterday AT&T upgraded my cable box to a digital,easy_ham
 FOAF explorer,easy_ham
 Maps,easy_ham
 Plan,easy_ham
 Dabba Wallahs: India's meal-delivery FedEx,easy_ham
 Missing the Point,easy_ham
 A Line in the Sand,easy_ham
 Duct-tapers -- suspension and bondage fetish goes mainstream,easy_ham
 Thunder Stealing,easy_ham
 Usability Problems with Mozilla,easy_ham
 Gearheads and bunnyhuggers in the OED,easy_ham
 We're trying to decide if FogBUGZ 3.0 should support custom,easy_ham
 Eddie Kessler describes programming at Napster. Ray Ozzie has,easy_ham
 Validation,easy_ham
 Jakob Nielsen on Offshore Usability: "To save costs some,easy_ham
 John Robb has an interesting perspective on trust-based,easy_ham
 More fun with the PTC,easy_ham
 Photoshop the worlds ugliest truck,easy_ham
 Photoshop this squirrel tuning in turning on and dropping out,easy_ham
 Teens videotape themselves shooting stapleguns into their arms,easy_ham
 Daniel Berlinger has noticed that Mac software shops are starting,easy_ham
 Peruvian congressman has challenged his Vice President to a duel.,easy_ham
 Movie Quiz,easy_ham
 Michael Jordan may announce he's coming back to play. Dead horse,easy_ham
 Conversations From GDC Europe: Bill Fulton Zeno Colaco Harvey Smith,easy_ham
 Do you have a handlebar moustache? Then the Handlebar Club is the,easy_ham
 Why marching is crucial,easy_ham
 A Non-Integer Power Function on the Pixel Shader,easy_ham
 Fall in value of mortgages indicates housing slowdown,easy_ham
 Titan to be probed. Saturn to offer post probe cigarette,easy_ham
 <strong>More AmphetaDesk Reviews</strong>,easy_ham
 the walls are alive with the sound of insects,easy_ham
 <strong>Two New AmphetaDesk Hacks</strong>,easy_ham
 the captain has turned off the "no hittin' it" sign,easy_ham
 The Roacheteer?  Jonny Roachpack?,easy_ham
 that's bullshit,easy_ham
 quality subversion,easy_ham
 the Hello Kitty vibrator has competition,easy_ham
 Yahoo Finance RSS Beta,easy_ham
 "KICK ME",easy_ham
 Female circumcision does not reduce sexual activity,easy_ham
 ru stupid,easy_ham
 Tough Earth bug may be from Mars,easy_ham
 Iraq invasion could 'worsen terrorist threat',easy_ham
 Africa's deserts are in "spectacular" retreat,easy_ham
 Parasites may sap male longevity,easy_ham
 Ultrasound blood purifier tackles fat problem,easy_ham
 Right-wing governments 'increase suicide rates',easy_ham
 West Nile vaccine "in three years",easy_ham
 Lander risks missing Mars trip,easy_ham
 Transparent token is cryptographic key,easy_ham
 Bright dust rings highlight Earth-like planets,easy_ham
 Human-chimp DNA difference trebled,easy_ham
 Earth's magnetic field 'boosts gravity',easy_ham
 South Korea bans all human cloning,easy_ham
 Cosmic polarisation detected from South Pole,easy_ham
 First direct estimate of hidden vCJD cases,easy_ham
 Oil set to be pumped from blazing ship,easy_ham
 West Nile virus endangers blood transfusions,easy_ham
 Supersonic test plane uses 'wing warping',easy_ham
 California challenges US stem cell rules,easy_ham
 "Hidden tree" the secret of Zen garden,easy_ham
 US blueprint for smallpox mass-vaccination,easy_ham
 British dossier on Iraqi weapons released,easy_ham
 Balloon flight challenges deflate,easy_ham
 Mayan texts reveal superpower wars,easy_ham
 Cloud of anti-atoms created,easy_ham
 Priceless,easy_ham
 Black entrepreneurs 'face bank bias',easy_ham
 Radio gives mighty roar to quiet cars,easy_ham
 I have the power!,easy_ham
 New Blog Category: Yahoo,easy_ham
 Teen dies of starvation after stepfather puts him on a bus and,easy_ham
 A man a can and a plan. Recipes for loser single guys,easy_ham
 Y! Finance RSS Feeds Update,easy_ham
 "I read that yesterday...",easy_ham
 You can't beat city hall,easy_ham
 Congradulate Birthday Boy Putin. Link to send birthday wishes via,easy_ham
 Month by month 'Most Beautiful Man' winners and their galleries. sfw,easy_ham
 Friends don't let friends swim drunk. Paging Dr. Darwin..,easy_ham
 Play by Play: Effective Memory Management,easy_ham
 Archaeological finds show that the Incas rode dinosaurs science,easy_ham
 GDC 2002: Game Scripting in Python,easy_ham
 Condemned man picks a black olive for his last meal. Green olives,easy_ham
 Some Quickies.  Lots of 'em.  Something for everyone.,easy_ham
 Keeping up with The Sims: Managing Large Scale Game Content,easy_ham
 Lonely iguana discovered in Salford,easy_ham
 kitty wants to play "eat your head",easy_ham
 Self-denial of the literary sort,easy_ham
 Phoenix Suns owner dons dreadlocks to help sell tickets,easy_ham
 Whatever-Dude.com Needs $300 Quick to Get Their Freed from their ISP,easy_ham
 Haunted Mansion movie inches forward,easy_ham
 Rats' intestines and pigs' teeth,easy_ham
 Japanese kids spend a day in school jumping in the swimming pool,easy_ham
 Ugly-ass rare baby rhino born in Australian zoo ),easy_ham
 Luggage falls from plane onto Salvation Army scattering used,easy_ham
 Skateboarder drives-through Subway. With his face,easy_ham
 Hollywood out of crack has started smoking tiling grout: "Grease 3",easy_ham
 Yoga & Painfree Bliss,easy_ham
 Canadians are knockin' boots less or just not getting any,easy_ham
 Hooters Air concept crashes and burns,easy_ham
 Americans are becoming more spiritual,easy_ham
 Man finds lost marbles after 70 years....,easy_ham
 Gambler wins 7000 - and spends it all on horse shiat,easy_ham
 Y! Finance RSS Feeds Off,easy_ham
 Sourceforge sells out,easy_ham
 Giant otter statue to be built,easy_ham
 26-hour days...,easy_ham
 Smurfs: The Pasta. Thank Goodness for Chef Boyardee,easy_ham
 Ecstasy users 'risk Parkinson's disease',easy_ham
 UFOs in the Sky!,easy_ham
 ATT Wireless Location tracking,easy_ham
 Mac OS X browsers,easy_ham
 Advanced CSS lists,easy_ham
 Last-ditch talks aim to halt tide of violence engulfing West Africa,easy_ham
 YOUR a STUPID Idj0t,easy_ham
 Of Muslims and Morris men,easy_ham
 Blair attacks new culture of cynicism,easy_ham
 The secret passion that staggered Westminster,easy_ham
 New exam fury puts Morris's job in danger,easy_ham
 A matter of opinion,easy_ham
 A Windsor in the soup,easy_ham
 Carcooning,easy_ham
 Oracle of Google,easy_ham
 Kanu at the double,easy_ham
 Don't laugh. This is the real Office,easy_ham
 ATT Wireless Location tracking,easy_ham
 Mice born from rat-matured eggs,easy_ham
 Mac OS X browsers,easy_ham
 Sourceforge sells out,easy_ham
 New iBooks and PowerBooks,easy_ham
 Apple Switch parodies,easy_ham
 UFOs in the Sky!,easy_ham
 The Ryder Cup,easy_ham
 Dooce,easy_ham
 Quickly,easy_ham
 Turkey City Lexicon,easy_ham
 My talk at UT Austin,easy_ham
 Underwater high-voltage photography,easy_ham
 Trust me on funding says Brown,easy_ham
 Adams linked to IRA death squad,easy_ham
 Priceless Rubens works stolen in raid on mansion,easy_ham
 Equitable mis-sold policies,easy_ham
 Global call for extrasolar planet watching,easy_ham
 The green man,easy_ham
 IMF shores up debt defences,easy_ham
 Apple Switch parodies,easy_ham
 Sourceforge sells out,easy_ham
 Major's shame over affair leaves Currie indignant,easy_ham
 UFOs in the Sky!,easy_ham
 YOUR a STUPID Idj0t,easy_ham
 Are you being Freeserved?,easy_ham
 Stupid for a Day,easy_ham
 Early Start and Peter Gabriel,easy_ham
 New iBooks and PowerBooks,easy_ham
 ATT Wireless Location tracking,easy_ham
 Linux Software RAID Fun,easy_ham
 US forces Israel to lift siege of Arafat,easy_ham
 Carcooning,easy_ham
 Oracle of Google,easy_ham
 Mac OS X browsers,easy_ham
 Colophon 3,easy_ham
 Colophon 2,easy_ham
 Colophon 1,easy_ham
 2000+ year old Greek computer reinterpreted,easy_ham
 I mean why not,easy_ham
 Dan Gillmor responds to Jack Valenti,easy_ham
 Un,easy_ham
 "I meditated in a cave for 12 years and now I'm here to tell you,easy_ham
 Automotive software Easter Egg discovered,easy_ham
 Motel holds mans wheelchair ransom.,easy_ham
 Brown budget plans in disarray,easy_ham
 Bank robber gets the loot makes it out of bank shoots self in,easy_ham
 Cat shot through eye with horse dart tranquilizer roams,easy_ham
 The plight of Qadir Fedayee,easy_ham
 Space shuttle ready for return,easy_ham
 Drug halves genital herpes transmission,easy_ham
 Saddam set to let inspectors in,easy_ham
 The new trailer for the Lord of the Rings comes out today on AOL,easy_ham
 Portillo dig at Blunkett in fringe double act,easy_ham
 Show-and-tell nearly extinct because it might hurt children's,easy_ham
 How I made Edwina tell all,easy_ham
 Randy Moss smokes ganja,easy_ham
 what is the sound of one knee jerking?,easy_ham
 Toddler falls from a first-storey window saved from injury by,easy_ham
 Apple Switch parodies,easy_ham
 100 not safe for work pics for chicks. WEENERS.,easy_ham
 da bomb,easy_ham
 Wedding etiquette,easy_ham
 Think before you leap man flies powered parachute into,easy_ham
 Truck driver leaves trail of smelly pizza waste along major,easy_ham
 Scientists prove that shoe size and penis size are not linked.,easy_ham
 Bush orders Sharon to obey UN resolutions so US can gather,easy_ham
 Synthetic vitamin boosts bone growth,easy_ham
 Quickly,easy_ham
 Family's "pet" raccoon attacks baby in crib,easy_ham
 TV sports babe in trouble for locker room antics,easy_ham
 West Coast port closures may cancel Christmas.,easy_ham
 Cobain dispute settled,easy_ham
 Man tries to bungee from bridge to passing cruise ship bashes,easy_ham
 Woman finds rubber glove in hamburger bun. Will now sue,easy_ham
 Farker Chakalasp dares you to Photoshop him,easy_ham
 Equitable prepares to compensate 70000,easy_ham
 Photoshop Sean Connery giving us some good advice,easy_ham
 YOUR a STUPID Idj0t,easy_ham
 Best,easy_ham
 Madonna is actually quite shy,easy_ham
 Liddle quits Today with new BBC deal,easy_ham
 The worst Freddy Krueger costume ever,easy_ham
 Family refuses to cancel expensive wedding just because the groom,easy_ham
 UFOs in the Sky!,easy_ham
 Tibetans see hint of detente with China,easy_ham
 catalogs.google.com - in time for xmas?,easy_ham
 Pensioners and housebuyers suffer,easy_ham
 FreeBSD or Linux for your MySQL Server?,easy_ham
 Forged documents public drinking massive fistfights... Who knew,easy_ham
 New iBooks and PowerBooks,easy_ham
 PFI hospital's 97m pay bill could cost NHS billions,easy_ham
 Disney's no-good Park-Czar replaced,easy_ham
 Freak breaks world record by clipping 153 clothespins on his face,easy_ham
 Man rappels off of city bridge trying to hitch a free ride on a,easy_ham
 Professional dog poop scooper has 300 customers,easy_ham
 British National Health Service to provide vibrators to women,easy_ham
 Photoshop Theme.. ways to smuggle weapons-grade Uranium .,easy_ham
 No Blackpool illumination from these control freaks,easy_ham
 Contact lenses 'boost sexual success',easy_ham
 Giant Congo hydroelectric project is a 'betrayal',easy_ham
 Kid crams acorn up his nose hilarity ensues,easy_ham
 The Boston Globe on Linux and OS X,easy_ham
 curb your celebrity,easy_ham
 Sourceforge sells out,easy_ham
 The Ozone Hole is getting smaller... But Leroy's Getting LARRRRRGER,easy_ham
 Detective sends out Al Qaeda warning based on Onion story,easy_ham
 "Cram school" operator arrested for trying to cram it into a 13,easy_ham
 Tip of the Day: When trying to kill head lice with rubbing,easy_ham
 Man's leg is found 7 miles from a hit and run accident,easy_ham
 Photoshop a kid getting his tounge measured,easy_ham
 Carcooning,easy_ham
 False teeth to fake limbs crazy things left behind in hotels,easy_ham
 Rail crash bereaved sue over line safety,easy_ham
 Oracle of Google,easy_ham
 If you're going to turn on an electric pump to remove water from,easy_ham
 Mac OS X browsers,easy_ham
 Is rap music art? Rap song about farting answers that question,easy_ham
 ATT Wireless Location tracking,easy_ham
 Cops sabotaging their own in car video cameras to avoid looking,easy_ham
 New Strongbad E-Mail,easy_ham
 There are four lights,easy_ham
 quick hack,easy_ham
 Record industry defends practices to Senate,easy_ham
 US rejects Iraq inspections deal,easy_ham
 Education debate,easy_ham
 RedHat 8.0 ISO Mirror(s),easy_ham
 The subtle art of sugaring bitter pills goes down well,easy_ham
 Patients to get chemically "sterilised" blood,easy_ham
 Senators threaten to rein in Bush,easy_ham
 Drivezilla -- 200GB Drives from Western Digital,easy_ham
 New P2P network funded by US government,easy_ham
 Viruses that also hack computers on the rise,easy_ham
 If it's too loud you're too French,easy_ham
 Toward Mac OS XX,easy_ham
 International agreements,easy_ham
 The Office: too painful to watch?,easy_ham
 Danger Hiptop reviewed,easy_ham
 The Blair message: be bold,easy_ham
 Food 'cancer chemical' reaction identified,easy_ham
 Bloodhag interviewed,easy_ham
 never a cent,easy_ham
 OSXCon Thoughts for Tuesday,easy_ham
 Distributed.net cracks the RC5-64 cipher,easy_ham
 Kevin Mitnick's laptop signed by Woz on eBay,easy_ham
 Nationwide predicts 23% house price rise,easy_ham
 TrackBack for OSXCON,easy_ham
 Big Five record companies guilty of price fixing,easy_ham
 Clarion comes to Australia!,easy_ham
 When an engineer flaps his wings,easy_ham
 Smitten,easy_ham
 Comics Journal interviews Ted Rall,easy_ham
 Shader Integration: Merging Shading Technologies on the Nintendo,easy_ham
 NYT discovers Linux in late 2002,easy_ham
 Quantum cryptography takes to the skies,easy_ham
 Mathematics film-festival in October in Berkeley,easy_ham
 Cypriot leaders in last-ditch attempt at unification,easy_ham
 Enron finance chief is handcuffed,easy_ham
 Perl.  It's just a language.,easy_ham
 Vintage Music Archive,easy_ham
 Don't do the brown WiFi the brown WiFi is BAD,easy_ham
 Reunion,easy_ham
 Insanely complicated,easy_ham
 Sidekick your mobile blogging pal,easy_ham
 RDF redux,easy_ham
 Gillmor: Apple's fair-use friendly OS?,easy_ham
 TV democracy in action,easy_ham
 Warplane system 'could stop mid-air explosions',easy_ham
 Marriage makes both sexes happy,easy_ham
 Robbie Williams signs 80m deal,easy_ham
 Call this a party?,easy_ham
 Fight Piracy -- Regulate Potty Chairs!,easy_ham
 Clinton: Blair's the man to trust,easy_ham
 Job Offers and My Resume,easy_ham
 Best served cold,easy_ham
 Wed. OSXCon Keynote -- Jordan Hubbard,easy_ham
 Not Many OS X Conference Blogs,easy_ham
 Fatal seal epidemic burns out,easy_ham
 Currie returns to pile scorn on Major,easy_ham
 On Windley's Radar Too,easy_ham
 Wed. OSXCon Panel Discussion,easy_ham
 I've been snowed under for the last four weeks working on the,easy_ham
 Iraq invasion a 'hair-trigger' away,easy_ham
 Blog de jeanpoole interviews Mark,easy_ham
 OSXCon Wed. -- James Gosling,easy_ham
 Catalog of Tomorrow released,easy_ham
 Hurricane Lili closes shuttle Mission Control,easy_ham
 Notes from OSXCon's DRM and Digital Hub panel,easy_ham
 UK 'should ban nuclear arms',easy_ham
 Switcher,easy_ham
 OSXCon: Development Lessons from Bare Bones Software,easy_ham
 Education debate,easy_ham
 300000 exams to be reviewed,easy_ham
 Cast not the first stone,easy_ham
 History of the tilde,easy_ham
 Catching up,easy_ham
 CSS and mobile devices,easy_ham
 Microsoft redesign,easy_ham
 Permanent blue skin for silver drinking politician,easy_ham
 Executive pay leaps ahead 17%,easy_ham
 Robot census,easy_ham
 Government plans to hand out free Valium,easy_ham
 Profiteers resell Africa's Aids drugs,easy_ham
 Why is it so hard to get a cab in San Francisco?,easy_ham
 Blix told to await new orders on Iraq,easy_ham
 Culture Jamming,easy_ham
 'Flipping' Goldman fingered,easy_ham
 RSS Critical Mass,easy_ham
 Troubled Royal Ballet eyes US director,easy_ham
 Don't do the brown WiFi the brown WiFi is BAD,easy_ham
 Digital service launches with 30 free channels,easy_ham
 Snub for minister in election row,easy_ham
 'Miracle' gene therapy trial halted,easy_ham
 Blair apologises for exam fiasco,easy_ham
 Electronic circuits created in a flash,easy_ham
 World's funniest joke revealed,easy_ham
 Papon release prompts healthy scepticism,easy_ham
 Blood pressure drugs "slow ageing",easy_ham
 Cellular doom,easy_ham
 Phone companies compared,easy_ham
 Mass human sacrifice unearthed in Peru,easy_ham
 Internet creaks after huge network crash,easy_ham
 For you and you and Timmy,easy_ham
 Medieval powers in City trial of strength,easy_ham
 Our men from the private sector,easy_ham
 Robbie's 80m deal puts EMI on new path,easy_ham
 West Nile virus transmitted in breast milk,easy_ham
 Space probe kit will fight terrestrial crime,easy_ham
 Amorous ostriches scoop Ig Nobel prize,easy_ham
 Houses rise 1100 a week,easy_ham
 A nation searches its soul,easy_ham
 Weird museums of NYC,easy_ham
 Cosmic crash of speeding jets tracked,easy_ham
 Bush veto on Middle East talks,easy_ham
 Gaiman kicks McFarlane's ass in court,easy_ham
 'I am an enemy of your country',easy_ham
 Sidekick's browser blows,easy_ham
 Data-mine your hard-drive with SixDegrees,easy_ham
 Hoax!,easy_ham
 Times Square as it was,easy_ham
 Bosnia goes it alone for first full poll,easy_ham
 Barclay twins buy Littlewoods,easy_ham
 New Gunner Gilberto is quick to earn his stripes,easy_ham
 Hype is all for tired old Panorama,easy_ham
 Another fine mess I've got myself into...,easy_ham
 The boy for Brazil?,easy_ham
 to the courthouse,easy_ham
 Bugbear email steals card data,easy_ham
 Second-hand sales blamed for bedbugs' comeback,easy_ham
 Blue people of the world unite!,easy_ham
 Freedom deal for Real IRA man,easy_ham
 Curling videogame hits bigtime,easy_ham
 Fading blue,easy_ham
 Glennf responds to warchalking FUD,easy_ham
 Bin Laden is still alive reveals spy phone satellite,easy_ham
 Pix from Austin,easy_ham
 Global crash fears as German bank sinks,easy_ham
 Seaman recalled for Euro campaign,easy_ham
 Perl programmers are so cute,easy_ham
 Animated existentialism,easy_ham
 Accessibility watershed?,easy_ham
 All digital,easy_ham
 Central,easy_ham
 Business card design,easy_ham
 1Mb/s through mud,easy_ham
 GDC 2002: Game Scripting in Python,easy_ham
 Postmortem: Pixelogic's The Italian Job,easy_ham
 Rapid immune reaction key to staving off AIDS,easy_ham
 Outsourcing Reality: Integrating a Commercial Physics Engine,easy_ham
 Tags reveal if frozen food is rotten,easy_ham
 New light on a lost world of shattered icons,easy_ham
 Cyberspace in the 21st Century: Part Seven Security is Relative,easy_ham
 Designer's Notebook: Stop Calling Games "Addictive"!,easy_ham
 Conversations From GDC Europe: Bill Fulton Zeno Colaco Harvey Smith,easy_ham
 Play by Play: Effective Memory Management,easy_ham
 Football players addicted to video football,easy_ham
 Reflections from GDC Europe: It's A Complex (Game) World,easy_ham
 Shooting from the Hip: An Interview with Hip Tanaka,easy_ham
 Conversations From GDC Europe: Mark Cerny Jonty Barnes Jason,easy_ham
 A Non-Integer Power Function on the Pixel Shader,easy_ham
 Ministers issue gag orders for MI5 trial,easy_ham
 Postmortem: Ubi Soft China's Music Up -- Summer Rainbow,easy_ham
 9/11 war in Iraq threaten Disney parks,easy_ham
 Artist Gallery: Troy Paradise,easy_ham
 The Analyst Primer,easy_ham
 Shader Integration: Merging Shading Technologies on the Nintendo,easy_ham
 Keeping up with The Sims: Managing Large Scale Game Content,easy_ham
 Product Review: Virtools Dev 2.0,easy_ham
 Four Ways to Use Symbols to Add Emotional Depth to Games,easy_ham
 Our Dumb Pipeline,easy_ham
 Rendering the Great Outdoors: Fast Occlusion Culling for Outdoor,easy_ham
 Product Review: Darkling Simulations' Dark Tree 2,easy_ham
 Tory leader risks all on 80s revival,easy_ham
 Al-Qaida suspected in tanker blast,easy_ham
 Bank of Ireland admits Abbey overtures,easy_ham
 Born to be wild - then shot,easy_ham
 A-level student sues for 100000 over 'grade fixing',easy_ham
 Ehiogu fills the Ferdinand gap,easy_ham
 'Stay on to 70' call grows,easy_ham
 Two in court on IRA spy charges,easy_ham
 Apple: Heinous DVD Pirates,easy_ham
 Reclaiming privacy with laser-pointers,easy_ham
 10Mb/s through skin,easy_ham
 My OS X Keynote,easy_ham
 My Good Easy,easy_ham
 Eldred Press Watch,easy_ham
 Physics auction nets half-mil for Einstein,easy_ham
 Welcome Danny and Quinn!,easy_ham
 Boy shot at school gate,easy_ham
 Toy otaku heaven,easy_ham
 MySQL 4.1 Source Tree Available,easy_ham
 Hopes fade in Ulster crisis talks,easy_ham
 A&L Daily to be auctioned in bankruptcy,easy_ham
 Delphi Questions a new _Joel on Software_ discussion group.,easy_ham
 'I'm just an idiot',easy_ham
 City Planning Funnies,easy_ham
 Support for Iraq action at new low of 32%,easy_ham
 Seeing is believing,easy_ham
 A Watched Server Never Breaks,easy_ham
 'Nasty party' warning to Tories,easy_ham
 Species at risk of extinction growing,easy_ham
 Indie artist hits top-ten by engaging audience,easy_ham
 At last I have an excuse,easy_ham
 Steven Levy's wireless neighbors,easy_ham
 Nobel prize for British and US scientists,easy_ham
 Factories go flat while we dither over the euro,easy_ham
 Barney Not Found,easy_ham
 Movable Type 2.5 is out,easy_ham
 Trip Notes,easy_ham
 In praise of evolvable formats,easy_ham
 Lego harpsichord: A for Obsessiveness F for Tunefulness,easy_ham
 $15000 umbrella stand: nothing exceeds like excess,easy_ham
 Skinny Acoustic Bass,easy_ham
 BSkyB recruits heavyweight non-execs,easy_ham
 Plans for new youth units blocked,easy_ham
 Paddick backers angry at Met move,easy_ham
 Excellent Tim Biskup card deck,easy_ham
 MC Escher in Lego,easy_ham
 Doesn't smell like team spirit,easy_ham
 JJB Sports chief found hanged,easy_ham
 Blair challenge to IRA,easy_ham
 Palm-sized translators going to Iraq,easy_ham
 Tate unveils its biggest work,easy_ham
 Ink is speech,easy_ham
 US use of lie detector tests criticized,easy_ham
 Neutrino and X-ray physicists win Nobel Prize,easy_ham
 Davis stirs grassroots with right to buy promise,easy_ham
 Mystery Indian virus heading for Europe,easy_ham
 Critical breast cancer gene identified,easy_ham
 Bournemouth blues,easy_ham
 Feedback from my posting about FogBUGZ Setup fell into four,easy_ham
 Working for the Mouse,easy_ham
 Japa-crappers get high-tech,easy_ham
 America's great misleader,easy_ham
 Live forever or die trying,easy_ham
 Words fail me,easy_ham
 Wedding music,easy_ham
 Six,easy_ham
 Five,easy_ham
 [IMG: http://www.joelonsoftware.com/pictures/dhtml2d.jpg (Dynamic,easy_ham
 CIA in blow to Bush attack plans,easy_ham
 Italy goes over old battlegrounds,easy_ham
 Leader tells Tories: stop sniping,easy_ham
 Twilight Zone,easy_ham
 Australia declares world's largest marine reserve,easy_ham
 DNA match brings breakthrough,easy_ham
 Monster molecule techniques win Chemistry Nobel,easy_ham
 Missing Fleet Week,easy_ham
 US use of lie detector tests criticised,easy_ham
 Good Earnings Report,easy_ham
 Monkey or man?,easy_ham
 Musharraf keeps his hands on the reins,easy_ham
 'Seminal' eczema study reveals skin's broken defences,easy_ham
 Now we are 10,easy_ham
 Brown accused of backtracking on regional museums,easy_ham
 Plan to recover nuclear gas rejected,easy_ham
 Meet Carol Ann Duffy,easy_ham
 Wannabe fathers ramp up testosterone,easy_ham
 'Bust' market closes two Powergen stations,easy_ham
 Gene technique reveals human evolution,easy_ham
 Go-ahead for new-style hospitals,easy_ham
 Malicious code hidden in email software,easy_ham
 'Flexible' retirement gains ground,easy_ham
 Critical US satellites could be hacked,easy_ham
 [zzzzteana] Hit a Bigfoot in Maine?  You own it!,easy_ham
 =?iso-8859-1?Q?Re:_RE:_=5Bzzzzteana=5D_Sitting_Bull_=FCber_alles_=5BLong=5D?=,easy_ham
 [zzzzteana] Ray Wallace,easy_ham
 [zzzzteana] Re: UK rich-b*st*rds TV alert,easy_ham
 [zzzzteana] Re: Archer-UK TV Alert,easy_ham
 [zzzzteana] FWD (SK) Re: Quotation wanted [pseudoscience - a skeptic's view],easy_ham
 [IIU] Postcards from Planet Google *LONG*,easy_ham
 [ILUG] eircom mail,easy_ham
 [zzzzteana] Re: Argh!,easy_ham
 Re: [zzzzteana] Re: Archer-UK TV Alert,easy_ham
 [zzzzteana] FWD [UASR][TheHickmanReport] Jets Attempt to Intercept 'Contrail',easy_ham
 [zzzzteana] FWD (SK) Japanese tentacle porn [was Re: Com'on Baby Lite my Fire],easy_ham
 [zzzzteana] RE: Argh!,easy_ham
 Re: [zzzzteana] RE: Argh!,easy_ham
 [zzzzteana] Ray Wallace (1919-2002),easy_ham
 RE: Mercedes-Benz G55,easy_ham
 Re: Mercedes-Benz G55,easy_ham
 [use Perl] Stories for 2002-12-02,easy_ham
 RE: [zzzzteana] Argh!,easy_ham
 Re: [zzzzteana] Argh!,easy_ham
 Re: alsa:bass and treble,easy_ham
 [zzzzteana] re: Argh!,easy_ham
 RE: Mercedes-Benz G55,easy_ham
 Re: [zzzzteana] FWD (SK) Japanese tentacle porn [was Re: Com'on Baby Lite my Fire],easy_ham
 RE: [zzzzteana] Fire fighters,easy_ham
 Man uses cell phone to take snap inside schoolgirl's skirt,easy_ham
 RE: [zzzzteana] Re: Argh!,easy_ham
 [zzzzteana] Re: Amazingly Accurate (For a Sunday Morning),easy_ham
 [zzzzteana] Re: Archer-UK TV Alert,easy_ham
 RE: [zzzzteana] Re: Archer-UK TV Alert,easy_ham
 [zzzzteana] Re: Archer-UK TV Alert,easy_ham
 [zzzzteana] Re: Archer-UK TV Alert,easy_ham
 RE: [ILUG] eircom mail,easy_ham
 RE: [zzzzteana] Re: Archer-UK TV Alert,easy_ham
 Fly free,easy_ham
 [zzzzteana] Christians struck by lightning...,easy_ham
 Re: [zzzzteana] An announcement,easy_ham
 [zzzzteana] Daft crimes etc,easy_ham
 [ILUG-Social] spam...,easy_ham
 Re: [SAtalk] Blocking ?,easy_ham
 Re: [zzzzteana] Funny News story #1,easy_ham
 Re: [zzzzteana] An announcement,easy_ham
 [zzzzteana] An announcement,easy_ham
 Re: [zzzzteana] An announcement,easy_ham
 Re: [ILUG] Time sync on dialup,easy_ham
 Re: Men et Toil,easy_ham
 Re: [Spambayes] Current version,easy_ham
 Re: [ILUG-Social] spam...,easy_ham
 Re: Are bad developer libraries the problem with M$ software?,easy_ham
 Re: Are bad developer libraries the problem with M$ software?,easy_ham
 Re: [Spambayes] Current version,easy_ham
 RE: [Spambayes] New web training interface for pop3proxy,easy_ham
 [zzzzteana] University boom creates era of sexual tolerance,easy_ham
 RE: [zzzzteana] More Michael Jackson wierdness,easy_ham
 RE: [zzzzteana] Re: FWD (ExT) USA more popular than ever in Britain,easy_ham
 [zzzzteana] Re: FWD (ExT) USA more popular than ever in Britain,easy_ham
 [zzzzteana] By the way,easy_ham
 [zzzzteana] must see,easy_ham
 Re: [ILUG] PostgreSQL vs. MySQL,easy_ham
 [zzzzteana] Re: By the way,easy_ham
 [zzzzteana] Bomb Ikea,easy_ham
 [ILUG] dual keyboards,easy_ham
 Re: [ILUG] dual keyboards,easy_ham
 [ILUG] Linux Install,easy_ham
 [zzzzteana] Re: Bomb Ikea,easy_ham
 RE: [ILUG] Linux Install,easy_ham
 [zzzzteana] Surfing the tube,easy_ham
 Re: [ILUG] Linux Install,easy_ham
 Re: [ILUG] Linux Install,easy_ham
 [Spambayes] Re: New Application of SpamBayesian tech?,easy_ham
 Re: [ILUG] Linux Install,easy_ham
